sample_id,call_id,hcp_id,product_id,quantity,signature_captured,sample_date
SAMPCALLHCP0019160,CALLHCP0019160,HCP001916,PRD001,3,True,2024-03-20
SAMPCALLHCP0019162,CALLHCP0019162,HCP001916,PRD001,2,True,2024-01-08
SAMPCALLHCP0019163,CALLHCP0019163,HCP001916,PRD001,3,True,2024-01-21
SAMPCALLHCP0015490,CALLHCP0015490,HCP001549,PRD001,1,True,2024-01-29
SAMPCALLHCP0015491,CALLHCP0015491,HCP001549,PRD001,2,True,2024-03-20
SAMPCALLHCP0009403,CALLHCP0009403,HCP000940,PRD001,2,True,2024-03-22
SAMPCALLHCP0009404,CALLHCP0009404,HCP000940,PRD001,3,True,2024-01-14
SAMPCALLHCP0001240,CALLHCP0001240,HCP000124,PRD001,2,True,2024-01-06
SAMPCALLHCP0005233,CALLHCP0005233,HCP000523,PRD001,2,True,2024-02-15
SAMPCALLHCP0003521,CALLHCP0003521,HCP000352,PRD001,1,True,2024-01-27
SAMPCALLHCP0009671,CALLHCP0009671,HCP000967,PRD001,3,True,2024-01-23
SAMPCALLHCP0009571,CALLHCP0009571,HCP000957,PRD001,3,True,2024-03-16
SAMPCALLHCP0009572,CALLHCP0009572,HCP000957,PRD001,1,True,2024-01-03
SAMPCALLHCP0009573,CALLHCP0009573,HCP000957,PRD001,3,True,2024-03-14
SAMPCALLHCP0006013,CALLHCP0006013,HCP000601,PRD001,3,True,2024-02-24
SAMPCALLHCP0004822,CALLHCP0004822,HCP000482,PRD001,1,True,2024-01-22
SAMPCALLHCP0004825,CALLHCP0004825,HCP000482,PRD001,1,True,2024-02-27
SAMPCALLHCP0004826,CALLHCP0004826,HCP000482,PRD001,3,True,2024-01-05
SAMPCALLHCP0002401,CALLHCP0002401,HCP000240,PRD001,1,True,2024-01-22
SAMPCALLHCP0009441,CALLHCP0009441,HCP000944,PRD001,2,True,2024-02-20
SAMPCALLHCP0009691,CALLHCP0009691,HCP000969,PRD001,1,True,2024-01-31
SAMPCALLHCP0014030,CALLHCP0014030,HCP001403,PRD001,1,True,2024-01-28
SAMPCALLHCP0016751,CALLHCP0016751,HCP001675,PRD001,3,True,2024-03-20
SAMPCALLHCP0016752,CALLHCP0016752,HCP001675,PRD001,1,True,2024-02-23
SAMPCALLHCP0017161,CALLHCP0017161,HCP001716,PRD001,3,True,2024-01-26
SAMPCALLHCP0008143,CALLHCP0008143,HCP000814,PRD001,1,True,2024-01-02
SAMPCALLHCP0008144,CALLHCP0008144,HCP000814,PRD001,3,True,2024-02-03
SAMPCALLHCP0019202,CALLHCP0019202,HCP001920,PRD001,2,True,2024-02-07
SAMPCALLHCP0005853,CALLHCP0005853,HCP000585,PRD001,2,True,2024-01-22
SAMPCALLHCP0005821,CALLHCP0005821,HCP000582,PRD001,3,True,2024-02-10
SAMPCALLHCP0005826,CALLHCP0005826,HCP000582,PRD001,3,True,2024-03-07
SAMPCALLHCP0008810,CALLHCP0008810,HCP000881,PRD001,3,True,2024-03-08
SAMPCALLHCP0008813,CALLHCP0008813,HCP000881,PRD001,1,True,2024-02-12
SAMPCALLHCP0007383,CALLHCP0007383,HCP000738,PRD001,3,True,2024-01-15
SAMPCALLHCP0015226,CALLHCP0015226,HCP001522,PRD001,3,True,2024-03-09
SAMPCALLHCP0007191,CALLHCP0007191,HCP000719,PRD001,2,True,2024-02-20
SAMPCALLHCP0011460,CALLHCP0011460,HCP001146,PRD001,2,True,2024-03-20
SAMPCALLHCP0012521,CALLHCP0012521,HCP001252,PRD001,2,True,2024-03-14
SAMPCALLHCP0012525,CALLHCP0012525,HCP001252,PRD001,2,True,2024-02-04
SAMPCALLHCP0008970,CALLHCP0008970,HCP000897,PRD001,3,True,2024-03-10
SAMPCALLHCP0016200,CALLHCP0016200,HCP001620,PRD001,3,True,2024-02-01
SAMPCALLHCP0016201,CALLHCP0016201,HCP001620,PRD001,1,True,2024-01-19
SAMPCALLHCP0009751,CALLHCP0009751,HCP000975,PRD001,3,True,2024-01-11
SAMPCALLHCP0015330,CALLHCP0015330,HCP001533,PRD001,2,True,2024-03-04
SAMPCALLHCP0010880,CALLHCP0010880,HCP001088,PRD001,2,True,2024-03-01
SAMPCALLHCP0010881,CALLHCP0010881,HCP001088,PRD001,2,True,2024-02-25
SAMPCALLHCP0014220,CALLHCP0014220,HCP001422,PRD001,1,True,2024-01-23
SAMPCALLHCP0017991,CALLHCP0017991,HCP001799,PRD001,1,True,2024-02-11
SAMPCALLHCP0017992,CALLHCP0017992,HCP001799,PRD001,3,True,2024-01-18
SAMPCALLHCP0000504,CALLHCP0000504,HCP000050,PRD001,3,True,2024-02-14
SAMPCALLHCP0000505,CALLHCP0000505,HCP000050,PRD001,2,True,2024-01-03
SAMPCALLHCP0001480,CALLHCP0001480,HCP000148,PRD001,2,True,2024-03-07
SAMPCALLHCP0012603,CALLHCP0012603,HCP001260,PRD001,1,True,2024-01-05
SAMPCALLHCP0001940,CALLHCP0001940,HCP000194,PRD001,2,True,2024-03-03
SAMPCALLHCP0001942,CALLHCP0001942,HCP000194,PRD001,2,True,2024-03-24
SAMPCALLHCP0003472,CALLHCP0003472,HCP000347,PRD001,1,True,2024-02-26
SAMPCALLHCP0017623,CALLHCP0017623,HCP001762,PRD001,1,True,2024-01-20
SAMPCALLHCP0019222,CALLHCP0019222,HCP001922,PRD001,2,True,2024-03-16
SAMPCALLHCP0008582,CALLHCP0008582,HCP000858,PRD001,2,True,2024-03-18
SAMPCALLHCP0013223,CALLHCP0013223,HCP001322,PRD001,1,True,2024-01-02
SAMPCALLHCP0004570,CALLHCP0004570,HCP000457,PRD001,1,True,2024-02-13
SAMPCALLHCP0004572,CALLHCP0004572,HCP000457,PRD001,3,True,2024-02-29
SAMPCALLHCP0008310,CALLHCP0008310,HCP000831,PRD001,1,True,2024-02-25
SAMPCALLHCP0006764,CALLHCP0006764,HCP000676,PRD001,1,True,2024-02-05
SAMPCALLHCP0011691,CALLHCP0011691,HCP001169,PRD001,1,True,2024-02-23
SAMPCALLHCP0011692,CALLHCP0011692,HCP001169,PRD001,1,True,2024-03-16
SAMPCALLHCP0019880,CALLHCP0019880,HCP001988,PRD001,3,True,2024-03-17
SAMPCALLHCP0019881,CALLHCP0019881,HCP001988,PRD001,1,True,2024-03-23
SAMPCALLHCP0019883,CALLHCP0019883,HCP001988,PRD001,2,True,2024-03-09
SAMPCALLHCP0019885,CALLHCP0019885,HCP001988,PRD001,1,True,2024-01-30
SAMPCALLHCP0003860,CALLHCP0003860,HCP000386,PRD001,1,True,2024-01-31
SAMPCALLHCP0003863,CALLHCP0003863,HCP000386,PRD001,3,True,2024-01-05
SAMPCALLHCP0003265,CALLHCP0003265,HCP000326,PRD001,1,True,2024-03-16
SAMPCALLHCP0015844,CALLHCP0015844,HCP001584,PRD001,3,True,2024-01-19
SAMPCALLHCP0015846,CALLHCP0015846,HCP001584,PRD001,1,True,2024-02-11
SAMPCALLHCP0001935,CALLHCP0001935,HCP000193,PRD001,2,True,2024-03-11
SAMPCALLHCP0017241,CALLHCP0017241,HCP001724,PRD001,2,True,2024-02-19
SAMPCALLHCP0008553,CALLHCP0008553,HCP000855,PRD001,2,True,2024-02-22
SAMPCALLHCP0018981,CALLHCP0018981,HCP001898,PRD001,3,True,2024-03-07
SAMPCALLHCP0005260,CALLHCP0005260,HCP000526,PRD001,1,True,2024-02-14
SAMPCALLHCP0001701,CALLHCP0001701,HCP000170,PRD001,3,True,2024-01-21
SAMPCALLHCP0014300,CALLHCP0014300,HCP001430,PRD001,2,True,2024-03-17
SAMPCALLHCP0014301,CALLHCP0014301,HCP001430,PRD001,2,True,2024-01-16
SAMPCALLHCP0014302,CALLHCP0014302,HCP001430,PRD001,2,True,2024-02-24
SAMPCALLHCP0014303,CALLHCP0014303,HCP001430,PRD001,1,True,2024-02-11
SAMPCALLHCP0018481,CALLHCP0018481,HCP001848,PRD001,2,True,2024-02-18
SAMPCALLHCP0018486,CALLHCP0018486,HCP001848,PRD001,2,True,2024-03-24
SAMPCALLHCP0018311,CALLHCP0018311,HCP001831,PRD001,3,True,2024-02-04
SAMPCALLHCP0004710,CALLHCP0004710,HCP000471,PRD001,2,True,2024-03-19
SAMPCALLHCP0014750,CALLHCP0014750,HCP001475,PRD001,1,True,2024-03-18
SAMPCALLHCP0014752,CALLHCP0014752,HCP001475,PRD001,3,True,2024-01-05
SAMPCALLHCP0014351,CALLHCP0014351,HCP001435,PRD001,3,True,2024-03-03
SAMPCALLHCP0014355,CALLHCP0014355,HCP001435,PRD001,2,True,2024-02-05
SAMPCALLHCP0009050,CALLHCP0009050,HCP000905,PRD001,2,True,2024-03-12
SAMPCALLHCP0002001,CALLHCP0002001,HCP000200,PRD001,3,True,2024-02-06
SAMPCALLHCP0008471,CALLHCP0008471,HCP000847,PRD001,3,True,2024-01-29
SAMPCALLHCP0008474,CALLHCP0008474,HCP000847,PRD001,2,True,2024-03-06
SAMPCALLHCP0008476,CALLHCP0008476,HCP000847,PRD001,3,True,2024-01-16
SAMPCALLHCP0012633,CALLHCP0012633,HCP001263,PRD001,3,True,2024-02-08
SAMPCALLHCP0002121,CALLHCP0002121,HCP000212,PRD001,2,True,2024-03-21
SAMPCALLHCP0002122,CALLHCP0002122,HCP000212,PRD001,3,True,2024-01-19
SAMPCALLHCP0002123,CALLHCP0002123,HCP000212,PRD001,1,True,2024-01-08
SAMPCALLHCP0008725,CALLHCP0008725,HCP000872,PRD001,3,True,2024-02-17
SAMPCALLHCP0010704,CALLHCP0010704,HCP001070,PRD001,1,True,2024-02-07
SAMPCALLHCP0009860,CALLHCP0009860,HCP000986,PRD001,1,True,2024-03-23
SAMPCALLHCP0014480,CALLHCP0014480,HCP001448,PRD001,3,True,2024-02-14
SAMPCALLHCP0017724,CALLHCP0017724,HCP001772,PRD001,2,True,2024-03-24
SAMPCALLHCP0016122,CALLHCP0016122,HCP001612,PRD001,2,True,2024-02-03
SAMPCALLHCP0016124,CALLHCP0016124,HCP001612,PRD001,1,True,2024-02-07
SAMPCALLHCP0006020,CALLHCP0006020,HCP000602,PRD001,2,True,2024-03-06
SAMPCALLHCP0006024,CALLHCP0006024,HCP000602,PRD001,1,True,2024-03-16
SAMPCALLHCP0015891,CALLHCP0015891,HCP001589,PRD001,2,True,2024-02-07
SAMPCALLHCP0015895,CALLHCP0015895,HCP001589,PRD001,3,True,2024-03-06
SAMPCALLHCP0012823,CALLHCP0012823,HCP001282,PRD001,2,True,2024-03-01
SAMPCALLHCP0015650,CALLHCP0015650,HCP001565,PRD001,3,True,2024-01-10
SAMPCALLHCP0014775,CALLHCP0014775,HCP001477,PRD001,1,True,2024-01-15
SAMPCALLHCP0004370,CALLHCP0004370,HCP000437,PRD001,2,True,2024-02-28
SAMPCALLHCP0004372,CALLHCP0004372,HCP000437,PRD001,1,True,2024-01-13
SAMPCALLHCP0004793,CALLHCP0004793,HCP000479,PRD001,2,True,2024-01-19
SAMPCALLHCP0017151,CALLHCP0017151,HCP001715,PRD001,1,True,2024-01-29
SAMPCALLHCP0017152,CALLHCP0017152,HCP001715,PRD001,3,True,2024-01-07
SAMPCALLHCP0002512,CALLHCP0002512,HCP000251,PRD001,1,True,2024-02-04
SAMPCALLHCP0002513,CALLHCP0002513,HCP000251,PRD001,3,True,2024-01-12
SAMPCALLHCP0002514,CALLHCP0002514,HCP000251,PRD001,1,True,2024-01-25
SAMPCALLHCP0002515,CALLHCP0002515,HCP000251,PRD001,2,True,2024-03-15
SAMPCALLHCP0008620,CALLHCP0008620,HCP000862,PRD001,3,True,2024-01-26
SAMPCALLHCP0008625,CALLHCP0008625,HCP000862,PRD001,2,True,2024-01-15
SAMPCALLHCP0013370,CALLHCP0013370,HCP001337,PRD001,1,True,2024-01-25
SAMPCALLHCP0018942,CALLHCP0018942,HCP001894,PRD001,3,True,2024-02-01
SAMPCALLHCP0005210,CALLHCP0005210,HCP000521,PRD001,1,True,2024-02-05
SAMPCALLHCP0011361,CALLHCP0011361,HCP001136,PRD001,3,True,2024-03-05
SAMPCALLHCP0011365,CALLHCP0011365,HCP001136,PRD001,2,True,2024-03-08
SAMPCALLHCP0011366,CALLHCP0011366,HCP001136,PRD001,3,True,2024-03-17
SAMPCALLHCP0016865,CALLHCP0016865,HCP001686,PRD001,2,True,2024-02-17
SAMPCALLHCP0005000,CALLHCP0005000,HCP000500,PRD001,2,True,2024-03-04
SAMPCALLHCP0009035,CALLHCP0009035,HCP000903,PRD001,2,True,2024-01-07
SAMPCALLHCP0009036,CALLHCP0009036,HCP000903,PRD001,3,True,2024-01-25
SAMPCALLHCP0006183,CALLHCP0006183,HCP000618,PRD001,1,True,2024-01-13
SAMPCALLHCP0001782,CALLHCP0001782,HCP000178,PRD001,2,True,2024-03-14
SAMPCALLHCP0006982,CALLHCP0006982,HCP000698,PRD001,1,True,2024-03-24
SAMPCALLHCP0004690,CALLHCP0004690,HCP000469,PRD001,2,True,2024-01-10
SAMPCALLHCP0004692,CALLHCP0004692,HCP000469,PRD001,1,True,2024-03-15
SAMPCALLHCP0004694,CALLHCP0004694,HCP000469,PRD001,3,True,2024-01-08
SAMPCALLHCP0007870,CALLHCP0007870,HCP000787,PRD001,3,True,2024-01-12
SAMPCALLHCP0007331,CALLHCP0007331,HCP000733,PRD001,3,True,2024-02-02
SAMPCALLHCP0007333,CALLHCP0007333,HCP000733,PRD001,2,True,2024-01-18
SAMPCALLHCP0007334,CALLHCP0007334,HCP000733,PRD001,1,True,2024-01-13
SAMPCALLHCP0007691,CALLHCP0007691,HCP000769,PRD001,2,True,2024-02-02
SAMPCALLHCP0001080,CALLHCP0001080,HCP000108,PRD001,1,True,2024-03-14
SAMPCALLHCP0017460,CALLHCP0017460,HCP001746,PRD001,3,True,2024-03-06
SAMPCALLHCP0017464,CALLHCP0017464,HCP001746,PRD001,2,True,2024-02-22
SAMPCALLHCP0006231,CALLHCP0006231,HCP000623,PRD001,1,True,2024-03-22
SAMPCALLHCP0010632,CALLHCP0010632,HCP001063,PRD001,3,True,2024-01-30
SAMPCALLHCP0016031,CALLHCP0016031,HCP001603,PRD001,2,True,2024-02-13
SAMPCALLHCP0016035,CALLHCP0016035,HCP001603,PRD001,3,True,2024-02-03
SAMPCALLHCP0014234,CALLHCP0014234,HCP001423,PRD001,3,True,2024-03-22
SAMPCALLHCP0019981,CALLHCP0019981,HCP001998,PRD001,3,True,2024-02-24
SAMPCALLHCP0019982,CALLHCP0019982,HCP001998,PRD001,1,True,2024-01-14
SAMPCALLHCP0008041,CALLHCP0008041,HCP000804,PRD001,1,True,2024-02-21
SAMPCALLHCP0008043,CALLHCP0008043,HCP000804,PRD001,2,True,2024-03-21
SAMPCALLHCP0013980,CALLHCP0013980,HCP001398,PRD001,1,True,2024-02-06
SAMPCALLHCP0013986,CALLHCP0013986,HCP001398,PRD001,2,True,2024-02-09
SAMPCALLHCP0015251,CALLHCP0015251,HCP001525,PRD001,2,True,2024-01-10
SAMPCALLHCP0015253,CALLHCP0015253,HCP001525,PRD001,2,True,2024-02-18
SAMPCALLHCP0015254,CALLHCP0015254,HCP001525,PRD001,3,True,2024-03-06
SAMPCALLHCP0019772,CALLHCP0019772,HCP001977,PRD001,3,True,2024-03-05
SAMPCALLHCP0006321,CALLHCP0006321,HCP000632,PRD001,2,True,2024-02-20
SAMPCALLHCP0004200,CALLHCP0004200,HCP000420,PRD001,3,True,2024-01-01
SAMPCALLHCP0004201,CALLHCP0004201,HCP000420,PRD001,2,True,2024-03-19
SAMPCALLHCP0004203,CALLHCP0004203,HCP000420,PRD001,3,True,2024-03-06
SAMPCALLHCP0004204,CALLHCP0004204,HCP000420,PRD001,3,True,2024-02-05
SAMPCALLHCP0010074,CALLHCP0010074,HCP001007,PRD001,1,True,2024-02-09
SAMPCALLHCP0005321,CALLHCP0005321,HCP000532,PRD001,2,True,2024-02-10
SAMPCALLHCP0001910,CALLHCP0001910,HCP000191,PRD001,3,True,2024-02-21
SAMPCALLHCP0001914,CALLHCP0001914,HCP000191,PRD001,3,True,2024-02-14
SAMPCALLHCP0000200,CALLHCP0000200,HCP000020,PRD001,3,True,2024-02-26
SAMPCALLHCP0010723,CALLHCP0010723,HCP001072,PRD001,2,True,2024-01-14
SAMPCALLHCP0002641,CALLHCP0002641,HCP000264,PRD001,1,True,2024-01-23
SAMPCALLHCP0001431,CALLHCP0001431,HCP000143,PRD001,1,True,2024-03-16
SAMPCALLHCP0005240,CALLHCP0005240,HCP000524,PRD001,1,True,2024-01-27
SAMPCALLHCP0014651,CALLHCP0014651,HCP001465,PRD001,1,True,2024-02-11
SAMPCALLHCP0019720,CALLHCP0019720,HCP001972,PRD001,1,True,2024-01-27
SAMPCALLHCP0012020,CALLHCP0012020,HCP001202,PRD001,3,True,2024-01-16
SAMPCALLHCP0004650,CALLHCP0004650,HCP000465,PRD001,2,True,2024-01-19
SAMPCALLHCP0004653,CALLHCP0004653,HCP000465,PRD001,3,True,2024-02-08
SAMPCALLHCP0018710,CALLHCP0018710,HCP001871,PRD001,2,True,2024-01-22
SAMPCALLHCP0018711,CALLHCP0018711,HCP001871,PRD001,2,True,2024-03-04
SAMPCALLHCP0015161,CALLHCP0015161,HCP001516,PRD001,3,True,2024-02-15
SAMPCALLHCP0015162,CALLHCP0015162,HCP001516,PRD001,2,True,2024-01-19
SAMPCALLHCP0018411,CALLHCP0018411,HCP001841,PRD001,2,True,2024-01-09
SAMPCALLHCP0018413,CALLHCP0018413,HCP001841,PRD001,3,True,2024-03-07
SAMPCALLHCP0018415,CALLHCP0018415,HCP001841,PRD001,3,True,2024-03-06
SAMPCALLHCP0013780,CALLHCP0013780,HCP001378,PRD001,2,True,2024-02-06
SAMPCALLHCP0013781,CALLHCP0013781,HCP001378,PRD001,3,True,2024-01-25
SAMPCALLHCP0013782,CALLHCP0013782,HCP001378,PRD001,1,True,2024-03-20
SAMPCALLHCP0013783,CALLHCP0013783,HCP001378,PRD001,3,True,2024-01-17
SAMPCALLHCP0013790,CALLHCP0013790,HCP001379,PRD001,1,True,2024-01-09
SAMPCALLHCP0013791,CALLHCP0013791,HCP001379,PRD001,1,True,2024-01-22
SAMPCALLHCP0013792,CALLHCP0013792,HCP001379,PRD001,3,True,2024-03-14
SAMPCALLHCP0008280,CALLHCP0008280,HCP000828,PRD001,1,True,2024-03-03
SAMPCALLHCP0013472,CALLHCP0013472,HCP001347,PRD001,3,True,2024-03-18
SAMPCALLHCP0008180,CALLHCP0008180,HCP000818,PRD001,1,True,2024-03-21
SAMPCALLHCP0008181,CALLHCP0008181,HCP000818,PRD001,2,True,2024-03-24
SAMPCALLHCP0017353,CALLHCP0017353,HCP001735,PRD001,1,True,2024-03-07
SAMPCALLHCP0009240,CALLHCP0009240,HCP000924,PRD001,3,True,2024-02-25
SAMPCALLHCP0009241,CALLHCP0009241,HCP000924,PRD001,3,True,2024-03-18
SAMPCALLHCP0015420,CALLHCP0015420,HCP001542,PRD001,1,True,2024-01-04
SAMPCALLHCP0015610,CALLHCP0015610,HCP001561,PRD001,2,True,2024-01-06
SAMPCALLHCP0015612,CALLHCP0015612,HCP001561,PRD001,3,True,2024-02-07
SAMPCALLHCP0002182,CALLHCP0002182,HCP000218,PRD001,3,True,2024-03-11
SAMPCALLHCP0014701,CALLHCP0014701,HCP001470,PRD001,1,True,2024-02-19
SAMPCALLHCP0000521,CALLHCP0000521,HCP000052,PRD001,1,True,2024-03-03
SAMPCALLHCP0011661,CALLHCP0011661,HCP001166,PRD001,2,True,2024-02-22
SAMPCALLHCP0011662,CALLHCP0011662,HCP001166,PRD001,3,True,2024-02-22
SAMPCALLHCP0003460,CALLHCP0003460,HCP000346,PRD001,1,True,2024-02-17
SAMPCALLHCP0003462,CALLHCP0003462,HCP000346,PRD001,3,True,2024-03-12
SAMPCALLHCP0018891,CALLHCP0018891,HCP001889,PRD001,1,True,2024-02-21
SAMPCALLHCP0018893,CALLHCP0018893,HCP001889,PRD001,3,True,2024-02-06
SAMPCALLHCP0019332,CALLHCP0019332,HCP001933,PRD001,3,True,2024-03-07
SAMPCALLHCP0019333,CALLHCP0019333,HCP001933,PRD001,3,True,2024-02-17
SAMPCALLHCP0019336,CALLHCP0019336,HCP001933,PRD001,3,True,2024-03-12
SAMPCALLHCP0011752,CALLHCP0011752,HCP001175,PRD001,1,True,2024-02-29
SAMPCALLHCP0012722,CALLHCP0012722,HCP001272,PRD001,2,True,2024-03-08
SAMPCALLHCP0007250,CALLHCP0007250,HCP000725,PRD001,2,True,2024-02-07
SAMPCALLHCP0007252,CALLHCP0007252,HCP000725,PRD001,2,True,2024-02-10
SAMPCALLHCP0007256,CALLHCP0007256,HCP000725,PRD001,1,True,2024-02-05
SAMPCALLHCP0013410,CALLHCP0013410,HCP001341,PRD001,2,True,2024-01-02
SAMPCALLHCP0019631,CALLHCP0019631,HCP001963,PRD001,2,True,2024-03-12
SAMPCALLHCP0019633,CALLHCP0019633,HCP001963,PRD001,1,True,2024-03-18
SAMPCALLHCP0008090,CALLHCP0008090,HCP000809,PRD001,3,True,2024-01-28
SAMPCALLHCP0001810,CALLHCP0001810,HCP000181,PRD001,2,True,2024-03-14
SAMPCALLHCP0018660,CALLHCP0018660,HCP001866,PRD001,2,True,2024-01-06
SAMPCALLHCP0002370,CALLHCP0002370,HCP000237,PRD001,3,True,2024-02-16
SAMPCALLHCP0002371,CALLHCP0002371,HCP000237,PRD001,3,True,2024-02-06
SAMPCALLHCP0017515,CALLHCP0017515,HCP001751,PRD001,1,True,2024-01-10
SAMPCALLHCP0008702,CALLHCP0008702,HCP000870,PRD001,1,True,2024-01-14
SAMPCALLHCP0008703,CALLHCP0008703,HCP000870,PRD001,2,True,2024-03-17
SAMPCALLHCP0008704,CALLHCP0008704,HCP000870,PRD001,2,True,2024-03-14
SAMPCALLHCP0016761,CALLHCP0016761,HCP001676,PRD001,3,True,2024-01-06
SAMPCALLHCP0010561,CALLHCP0010561,HCP001056,PRD001,3,True,2024-03-20
SAMPCALLHCP0014011,CALLHCP0014011,HCP001401,PRD001,1,True,2024-02-01
SAMPCALLHCP0014014,CALLHCP0014014,HCP001401,PRD001,1,True,2024-03-22
SAMPCALLHCP0001761,CALLHCP0001761,HCP000176,PRD001,3,True,2024-03-24
SAMPCALLHCP0008612,CALLHCP0008612,HCP000861,PRD001,1,True,2024-02-19
SAMPCALLHCP0008613,CALLHCP0008613,HCP000861,PRD001,2,True,2024-02-21
SAMPCALLHCP0015510,CALLHCP0015510,HCP001551,PRD001,1,True,2024-03-13
SAMPCALLHCP0015511,CALLHCP0015511,HCP001551,PRD001,1,True,2024-03-24
SAMPCALLHCP0003571,CALLHCP0003571,HCP000357,PRD001,1,True,2024-01-29
SAMPCALLHCP0007480,CALLHCP0007480,HCP000748,PRD001,1,True,2024-03-06
SAMPCALLHCP0018080,CALLHCP0018080,HCP001808,PRD001,1,True,2024-02-17
SAMPCALLHCP0001683,CALLHCP0001683,HCP000168,PRD001,3,True,2024-01-06
SAMPCALLHCP0006092,CALLHCP0006092,HCP000609,PRD001,2,True,2024-02-02
SAMPCALLHCP0017310,CALLHCP0017310,HCP001731,PRD001,1,True,2024-03-05
SAMPCALLHCP0017312,CALLHCP0017312,HCP001731,PRD001,1,True,2024-02-19
SAMPCALLHCP0019795,CALLHCP0019795,HCP001979,PRD001,2,True,2024-02-08
SAMPCALLHCP0017012,CALLHCP0017012,HCP001701,PRD001,1,True,2024-01-31
SAMPCALLHCP0017013,CALLHCP0017013,HCP001701,PRD001,1,True,2024-02-11
SAMPCALLHCP0006810,CALLHCP0006810,HCP000681,PRD001,1,True,2024-02-20
SAMPCALLHCP0014062,CALLHCP0014062,HCP001406,PRD001,2,True,2024-03-08
SAMPCALLHCP0009835,CALLHCP0009835,HCP000983,PRD001,3,True,2024-01-17
SAMPCALLHCP0005611,CALLHCP0005611,HCP000561,PRD001,3,True,2024-03-09
SAMPCALLHCP0014921,CALLHCP0014921,HCP001492,PRD001,2,True,2024-01-04
SAMPCALLHCP0011433,CALLHCP0011433,HCP001143,PRD001,3,True,2024-02-21
SAMPCALLHCP0016600,CALLHCP0016600,HCP001660,PRD001,1,True,2024-01-20
SAMPCALLHCP0016793,CALLHCP0016793,HCP001679,PRD001,2,True,2024-03-04
SAMPCALLHCP0002133,CALLHCP0002133,HCP000213,PRD001,3,True,2024-03-02
SAMPCALLHCP0002134,CALLHCP0002134,HCP000213,PRD001,1,True,2024-03-10
SAMPCALLHCP0013481,CALLHCP0013481,HCP001348,PRD001,3,True,2024-02-29
SAMPCALLHCP0013482,CALLHCP0013482,HCP001348,PRD001,2,True,2024-03-17
SAMPCALLHCP0013483,CALLHCP0013483,HCP001348,PRD001,3,True,2024-02-01
SAMPCALLHCP0013485,CALLHCP0013485,HCP001348,PRD001,1,True,2024-03-24
SAMPCALLHCP0000795,CALLHCP0000795,HCP000079,PRD001,3,True,2024-03-11
SAMPCALLHCP0003420,CALLHCP0003420,HCP000342,PRD001,2,True,2024-02-06
SAMPCALLHCP0003423,CALLHCP0003423,HCP000342,PRD001,1,True,2024-02-01
SAMPCALLHCP0012663,CALLHCP0012663,HCP001266,PRD001,2,True,2024-02-26
SAMPCALLHCP0011602,CALLHCP0011602,HCP001160,PRD001,1,True,2024-01-05
SAMPCALLHCP0015130,CALLHCP0015130,HCP001513,PRD001,1,True,2024-01-24
SAMPCALLHCP0015133,CALLHCP0015133,HCP001513,PRD001,3,True,2024-02-06
SAMPCALLHCP0011851,CALLHCP0011851,HCP001185,PRD001,3,True,2024-01-08
SAMPCALLHCP0012870,CALLHCP0012870,HCP001287,PRD001,1,True,2024-03-06
SAMPCALLHCP0018645,CALLHCP0018645,HCP001864,PRD001,3,True,2024-03-14
SAMPCALLHCP0003941,CALLHCP0003941,HCP000394,PRD001,2,True,2024-03-19
SAMPCALLHCP0003943,CALLHCP0003943,HCP000394,PRD001,3,True,2024-03-18
SAMPCALLHCP0019263,CALLHCP0019263,HCP001926,PRD001,2,True,2024-03-20
SAMPCALLHCP0013660,CALLHCP0013660,HCP001366,PRD001,3,True,2024-02-12
SAMPCALLHCP0010360,CALLHCP0010360,HCP001036,PRD001,2,True,2024-02-22
SAMPCALLHCP0008303,CALLHCP0008303,HCP000830,PRD001,2,True,2024-02-27
SAMPCALLHCP0001180,CALLHCP0001180,HCP000118,PRD001,3,True,2024-02-29
SAMPCALLHCP0001184,CALLHCP0001184,HCP000118,PRD001,3,True,2024-01-17
SAMPCALLHCP0012742,CALLHCP0012742,HCP001274,PRD001,1,True,2024-02-25
SAMPCALLHCP0009822,CALLHCP0009822,HCP000982,PRD001,1,True,2024-01-10
SAMPCALLHCP0014162,CALLHCP0014162,HCP001416,PRD001,3,True,2024-02-01
SAMPCALLHCP0014165,CALLHCP0014165,HCP001416,PRD001,1,True,2024-03-21
SAMPCALLHCP0014166,CALLHCP0014166,HCP001416,PRD001,3,True,2024-01-13
SAMPCALLHCP0006741,CALLHCP0006741,HCP000674,PRD001,2,True,2024-02-22
SAMPCALLHCP0008981,CALLHCP0008981,HCP000898,PRD001,1,True,2024-02-17
SAMPCALLHCP0009802,CALLHCP0009802,HCP000980,PRD001,1,True,2024-01-16
SAMPCALLHCP0009805,CALLHCP0009805,HCP000980,PRD001,3,True,2024-03-10
SAMPCALLHCP0006300,CALLHCP0006300,HCP000630,PRD001,2,True,2024-01-05
SAMPCALLHCP0006304,CALLHCP0006304,HCP000630,PRD001,3,True,2024-02-14
SAMPCALLHCP0000742,CALLHCP0000742,HCP000074,PRD001,1,True,2024-01-19
SAMPCALLHCP0000743,CALLHCP0000743,HCP000074,PRD001,3,True,2024-03-01
SAMPCALLHCP0000701,CALLHCP0000701,HCP000070,PRD001,2,True,2024-02-21
SAMPCALLHCP0014330,CALLHCP0014330,HCP001433,PRD001,3,True,2024-01-08
SAMPCALLHCP0014333,CALLHCP0014333,HCP001433,PRD001,1,True,2024-03-22
SAMPCALLHCP0017612,CALLHCP0017612,HCP001761,PRD001,2,True,2024-03-23
SAMPCALLHCP0012841,CALLHCP0012841,HCP001284,PRD001,3,True,2024-03-22
SAMPCALLHCP0013010,CALLHCP0013010,HCP001301,PRD001,2,True,2024-01-23
SAMPCALLHCP0013013,CALLHCP0013013,HCP001301,PRD001,3,True,2024-01-23
SAMPCALLHCP0010972,CALLHCP0010972,HCP001097,PRD001,1,True,2024-03-11
SAMPCALLHCP0004990,CALLHCP0004990,HCP000499,PRD001,1,True,2024-03-09
SAMPCALLHCP0007431,CALLHCP0007431,HCP000743,PRD001,2,True,2024-03-14
SAMPCALLHCP0013991,CALLHCP0013991,HCP001399,PRD001,1,True,2024-01-02
SAMPCALLHCP0017784,CALLHCP0017784,HCP001778,PRD001,2,True,2024-02-05
SAMPCALLHCP0016232,CALLHCP0016232,HCP001623,PRD001,3,True,2024-03-19
SAMPCALLHCP0016233,CALLHCP0016233,HCP001623,PRD001,3,True,2024-01-06
SAMPCALLHCP0011404,CALLHCP0011404,HCP001140,PRD001,3,True,2024-02-24
SAMPCALLHCP0001590,CALLHCP0001590,HCP000159,PRD001,2,True,2024-02-25
SAMPCALLHCP0008225,CALLHCP0008225,HCP000822,PRD001,2,True,2024-03-07
SAMPCALLHCP0013920,CALLHCP0013920,HCP001392,PRD001,1,True,2024-03-03
SAMPCALLHCP0013922,CALLHCP0013922,HCP001392,PRD001,1,True,2024-01-06
SAMPCALLHCP0004892,CALLHCP0004892,HCP000489,PRD001,2,True,2024-03-13
SAMPCALLHCP0014291,CALLHCP0014291,HCP001429,PRD001,1,True,2024-02-25
SAMPCALLHCP0014293,CALLHCP0014293,HCP001429,PRD001,3,True,2024-02-03
SAMPCALLHCP0014294,CALLHCP0014294,HCP001429,PRD001,1,True,2024-01-03
SAMPCALLHCP0012692,CALLHCP0012692,HCP001269,PRD001,1,True,2024-01-24
SAMPCALLHCP0012695,CALLHCP0012695,HCP001269,PRD001,1,True,2024-01-30
SAMPCALLHCP0013801,CALLHCP0013801,HCP001380,PRD001,2,True,2024-01-05
SAMPCALLHCP0013802,CALLHCP0013802,HCP001380,PRD001,2,True,2024-03-11
SAMPCALLHCP0013805,CALLHCP0013805,HCP001380,PRD001,1,True,2024-03-18
SAMPCALLHCP0010101,CALLHCP0010101,HCP001010,PRD001,3,True,2024-01-02
SAMPCALLHCP0010102,CALLHCP0010102,HCP001010,PRD001,2,True,2024-03-24
SAMPCALLHCP0014780,CALLHCP0014780,HCP001478,PRD001,3,True,2024-02-28
SAMPCALLHCP0014312,CALLHCP0014312,HCP001431,PRD001,2,True,2024-01-03
SAMPCALLHCP0014314,CALLHCP0014314,HCP001431,PRD001,3,True,2024-01-25
SAMPCALLHCP0014973,CALLHCP0014973,HCP001497,PRD001,1,True,2024-03-19
SAMPCALLHCP0012313,CALLHCP0012313,HCP001231,PRD001,1,True,2024-01-09
SAMPCALLHCP0012315,CALLHCP0012315,HCP001231,PRD001,1,True,2024-02-16
SAMPCALLHCP0013421,CALLHCP0013421,HCP001342,PRD001,3,True,2024-03-10
SAMPCALLHCP0013422,CALLHCP0013422,HCP001342,PRD001,1,True,2024-02-15
SAMPCALLHCP0011154,CALLHCP0011154,HCP001115,PRD001,3,True,2024-01-05
SAMPCALLHCP0003582,CALLHCP0003582,HCP000358,PRD001,3,True,2024-01-24
SAMPCALLHCP0003584,CALLHCP0003584,HCP000358,PRD001,3,True,2024-02-05
SAMPCALLHCP0003585,CALLHCP0003585,HCP000358,PRD001,1,True,2024-01-05
SAMPCALLHCP0009970,CALLHCP0009970,HCP000997,PRD001,2,True,2024-03-01
SAMPCALLHCP0005960,CALLHCP0005960,HCP000596,PRD001,1,True,2024-03-16
SAMPCALLHCP0013751,CALLHCP0013751,HCP001375,PRD001,1,True,2024-03-14
SAMPCALLHCP0013111,CALLHCP0013111,HCP001311,PRD001,1,True,2024-03-17
SAMPCALLHCP0013113,CALLHCP0013113,HCP001311,PRD001,2,True,2024-02-19
SAMPCALLHCP0013115,CALLHCP0013115,HCP001311,PRD001,2,True,2024-03-23
SAMPCALLHCP0013116,CALLHCP0013116,HCP001311,PRD001,3,True,2024-03-14
SAMPCALLHCP0011810,CALLHCP0011810,HCP001181,PRD001,2,True,2024-02-01
SAMPCALLHCP0011813,CALLHCP0011813,HCP001181,PRD001,1,True,2024-01-31
SAMPCALLHCP0000142,CALLHCP0000142,HCP000014,PRD001,3,True,2024-02-01
SAMPCALLHCP0007600,CALLHCP0007600,HCP000760,PRD001,1,True,2024-03-08
SAMPCALLHCP0009381,CALLHCP0009381,HCP000938,PRD001,1,True,2024-02-29
SAMPCALLHCP0009383,CALLHCP0009383,HCP000938,PRD001,2,True,2024-03-11
SAMPCALLHCP0015913,CALLHCP0015913,HCP001591,PRD001,2,True,2024-02-14
SAMPCALLHCP0015914,CALLHCP0015914,HCP001591,PRD001,3,True,2024-02-25
SAMPCALLHCP0006864,CALLHCP0006864,HCP000686,PRD001,1,True,2024-03-07
SAMPCALLHCP0012911,CALLHCP0012911,HCP001291,PRD001,3,True,2024-01-05
SAMPCALLHCP0012912,CALLHCP0012912,HCP001291,PRD001,3,True,2024-01-13
SAMPCALLHCP0010521,CALLHCP0010521,HCP001052,PRD001,2,True,2024-03-11
SAMPCALLHCP0010522,CALLHCP0010522,HCP001052,PRD001,1,True,2024-01-28
SAMPCALLHCP0006831,CALLHCP0006831,HCP000683,PRD001,2,True,2024-02-14
SAMPCALLHCP0006834,CALLHCP0006834,HCP000683,PRD001,2,True,2024-03-23
SAMPCALLHCP0001830,CALLHCP0001830,HCP000183,PRD001,1,True,2024-03-16
SAMPCALLHCP0001831,CALLHCP0001831,HCP000183,PRD001,1,True,2024-03-09
SAMPCALLHCP0014990,CALLHCP0014990,HCP001499,PRD001,3,True,2024-03-02
SAMPCALLHCP0014713,CALLHCP0014713,HCP001471,PRD001,3,True,2024-02-24
SAMPCALLHCP0014715,CALLHCP0014715,HCP001471,PRD001,1,True,2024-02-24
SAMPCALLHCP0001215,CALLHCP0001215,HCP000121,PRD001,1,True,2024-02-20
SAMPCALLHCP0007771,CALLHCP0007771,HCP000777,PRD001,1,True,2024-02-09
SAMPCALLHCP0007773,CALLHCP0007773,HCP000777,PRD001,1,True,2024-02-13
SAMPCALLHCP0014941,CALLHCP0014941,HCP001494,PRD001,1,True,2024-02-05
SAMPCALLHCP0014942,CALLHCP0014942,HCP001494,PRD001,1,True,2024-03-23
SAMPCALLHCP0000982,CALLHCP0000982,HCP000098,PRD001,3,True,2024-03-10
SAMPCALLHCP0000983,CALLHCP0000983,HCP000098,PRD001,3,True,2024-02-25
SAMPCALLHCP0016334,CALLHCP0016334,HCP001633,PRD001,3,True,2024-01-03
SAMPCALLHCP0000065,CALLHCP0000065,HCP000006,PRD001,3,True,2024-02-20
SAMPCALLHCP0000872,CALLHCP0000872,HCP000087,PRD001,1,True,2024-01-08
SAMPCALLHCP0000873,CALLHCP0000873,HCP000087,PRD001,1,True,2024-03-07
SAMPCALLHCP0017800,CALLHCP0017800,HCP001780,PRD001,3,True,2024-02-12
SAMPCALLHCP0010461,CALLHCP0010461,HCP001046,PRD001,3,True,2024-01-28
SAMPCALLHCP0003693,CALLHCP0003693,HCP000369,PRD001,1,True,2024-01-28
SAMPCALLHCP0003694,CALLHCP0003694,HCP000369,PRD001,3,True,2024-03-08
SAMPCALLHCP0003560,CALLHCP0003560,HCP000356,PRD001,1,True,2024-02-14
SAMPCALLHCP0003562,CALLHCP0003562,HCP000356,PRD001,2,True,2024-02-09
SAMPCALLHCP0011740,CALLHCP0011740,HCP001174,PRD001,3,True,2024-03-19
SAMPCALLHCP0011743,CALLHCP0011743,HCP001174,PRD001,3,True,2024-02-13
SAMPCALLHCP0002300,CALLHCP0002300,HCP000230,PRD001,3,True,2024-03-12
SAMPCALLHCP0002302,CALLHCP0002302,HCP000230,PRD001,1,True,2024-01-11
SAMPCALLHCP0002306,CALLHCP0002306,HCP000230,PRD001,3,True,2024-02-21
SAMPCALLHCP0018231,CALLHCP0018231,HCP001823,PRD001,3,True,2024-03-03
SAMPCALLHCP0018233,CALLHCP0018233,HCP001823,PRD001,2,True,2024-01-05
SAMPCALLHCP0018235,CALLHCP0018235,HCP001823,PRD001,1,True,2024-01-10
SAMPCALLHCP0009431,CALLHCP0009431,HCP000943,PRD001,1,True,2024-02-18
SAMPCALLHCP0010891,CALLHCP0010891,HCP001089,PRD001,2,True,2024-02-07
SAMPCALLHCP0010892,CALLHCP0010892,HCP001089,PRD001,3,True,2024-02-20
SAMPCALLHCP0010893,CALLHCP0010893,HCP001089,PRD001,1,True,2024-02-27
SAMPCALLHCP0000922,CALLHCP0000922,HCP000092,PRD001,2,True,2024-01-25
SAMPCALLHCP0000926,CALLHCP0000926,HCP000092,PRD001,2,True,2024-02-15
SAMPCALLHCP0013130,CALLHCP0013130,HCP001313,PRD001,3,True,2024-01-17
SAMPCALLHCP0013131,CALLHCP0013131,HCP001313,PRD001,2,True,2024-01-02
SAMPCALLHCP0007081,CALLHCP0007081,HCP000708,PRD001,1,True,2024-01-12
SAMPCALLHCP0007082,CALLHCP0007082,HCP000708,PRD001,1,True,2024-03-21
SAMPCALLHCP0017060,CALLHCP0017060,HCP001706,PRD001,1,True,2024-03-15
SAMPCALLHCP0017061,CALLHCP0017061,HCP001706,PRD001,3,True,2024-02-18
SAMPCALLHCP0017062,CALLHCP0017062,HCP001706,PRD001,3,True,2024-02-11
SAMPCALLHCP0017063,CALLHCP0017063,HCP001706,PRD001,1,True,2024-01-22
SAMPCALLHCP0014201,CALLHCP0014201,HCP001420,PRD001,3,True,2024-01-06
SAMPCALLHCP0002041,CALLHCP0002041,HCP000204,PRD001,2,True,2024-01-11
SAMPCALLHCP0015532,CALLHCP0015532,HCP001553,PRD001,1,True,2024-02-16
SAMPCALLHCP0006411,CALLHCP0006411,HCP000641,PRD001,2,True,2024-02-28
SAMPCALLHCP0006416,CALLHCP0006416,HCP000641,PRD001,2,True,2024-03-14
SAMPCALLHCP0009911,CALLHCP0009911,HCP000991,PRD001,3,True,2024-03-14
SAMPCALLHCP0015410,CALLHCP0015410,HCP001541,PRD001,1,True,2024-02-12
SAMPCALLHCP0015411,CALLHCP0015411,HCP001541,PRD001,2,True,2024-02-13
SAMPCALLHCP0015414,CALLHCP0015414,HCP001541,PRD001,3,True,2024-01-20
SAMPCALLHCP0007820,CALLHCP0007820,HCP000782,PRD001,2,True,2024-01-06
SAMPCALLHCP0007822,CALLHCP0007822,HCP000782,PRD001,1,True,2024-01-30
SAMPCALLHCP0007824,CALLHCP0007824,HCP000782,PRD001,2,True,2024-02-17
SAMPCALLHCP0018183,CALLHCP0018183,HCP001818,PRD001,2,True,2024-01-26
SAMPCALLHCP0018185,CALLHCP0018185,HCP001818,PRD001,1,True,2024-01-26
SAMPCALLHCP0004963,CALLHCP0004963,HCP000496,PRD001,3,True,2024-01-06
SAMPCALLHCP0006400,CALLHCP0006400,HCP000640,PRD001,3,True,2024-01-31
SAMPCALLHCP0011261,CALLHCP0011261,HCP001126,PRD001,2,True,2024-01-25
SAMPCALLHCP0007950,CALLHCP0007950,HCP000795,PRD001,1,True,2024-02-14
SAMPCALLHCP0007952,CALLHCP0007952,HCP000795,PRD001,2,True,2024-02-13
SAMPCALLHCP0017761,CALLHCP0017761,HCP001776,PRD001,3,True,2024-01-06
SAMPCALLHCP0019211,CALLHCP0019211,HCP001921,PRD001,1,True,2024-03-16
SAMPCALLHCP0019216,CALLHCP0019216,HCP001921,PRD001,2,True,2024-01-21
SAMPCALLHCP0017891,CALLHCP0017891,HCP001789,PRD001,1,True,2024-03-16
SAMPCALLHCP0017892,CALLHCP0017892,HCP001789,PRD001,2,True,2024-03-05
SAMPCALLHCP0017893,CALLHCP0017893,HCP001789,PRD001,3,True,2024-02-18
SAMPCALLHCP0017894,CALLHCP0017894,HCP001789,PRD001,1,True,2024-03-18
SAMPCALLHCP0017491,CALLHCP0017491,HCP001749,PRD001,1,True,2024-03-06
SAMPCALLHCP0017492,CALLHCP0017492,HCP001749,PRD001,2,True,2024-01-03
SAMPCALLHCP0006800,CALLHCP0006800,HCP000680,PRD001,1,True,2024-01-19
SAMPCALLHCP0009042,CALLHCP0009042,HCP000904,PRD001,3,True,2024-03-11
SAMPCALLHCP0009043,CALLHCP0009043,HCP000904,PRD001,2,True,2024-03-15
SAMPCALLHCP0009044,CALLHCP0009044,HCP000904,PRD001,2,True,2024-01-03
SAMPCALLHCP0001151,CALLHCP0001151,HCP000115,PRD001,1,True,2024-01-10
SAMPCALLHCP0001154,CALLHCP0001154,HCP000115,PRD001,1,True,2024-03-02
SAMPCALLHCP0006912,CALLHCP0006912,HCP000691,PRD001,2,True,2024-02-22
SAMPCALLHCP0000803,CALLHCP0000803,HCP000080,PRD001,3,True,2024-03-16
SAMPCALLHCP0008520,CALLHCP0008520,HCP000852,PRD001,1,True,2024-01-28
SAMPCALLHCP0010771,CALLHCP0010771,HCP001077,PRD001,3,True,2024-01-29
SAMPCALLHCP0009210,CALLHCP0009210,HCP000921,PRD001,1,True,2024-01-10
SAMPCALLHCP0009132,CALLHCP0009132,HCP000913,PRD001,1,True,2024-03-02
SAMPCALLHCP0010321,CALLHCP0010321,HCP001032,PRD001,3,True,2024-03-18
SAMPCALLHCP0001300,CALLHCP0001300,HCP000130,PRD001,2,True,2024-03-11
SAMPCALLHCP0004931,CALLHCP0004931,HCP000493,PRD001,2,True,2024-03-17
SAMPCALLHCP0016381,CALLHCP0016381,HCP001638,PRD001,1,True,2024-02-07
SAMPCALLHCP0016382,CALLHCP0016382,HCP001638,PRD001,2,True,2024-02-04
SAMPCALLHCP0010011,CALLHCP0010011,HCP001001,PRD001,3,True,2024-02-13
SAMPCALLHCP0011275,CALLHCP0011275,HCP001127,PRD001,2,True,2024-03-11
SAMPCALLHCP0006640,CALLHCP0006640,HCP000664,PRD001,1,True,2024-03-15
SAMPCALLHCP0016150,CALLHCP0016150,HCP001615,PRD001,2,True,2024-02-21
SAMPCALLHCP0002050,CALLHCP0002050,HCP000205,PRD001,2,True,2024-01-31
SAMPCALLHCP0010453,CALLHCP0010453,HCP001045,PRD001,3,True,2024-03-19
SAMPCALLHCP0005450,CALLHCP0005450,HCP000545,PRD001,3,True,2024-02-17
SAMPCALLHCP0004280,CALLHCP0004280,HCP000428,PRD001,1,True,2024-03-13
SAMPCALLHCP0003313,CALLHCP0003313,HCP000331,PRD001,1,True,2024-01-25
SAMPCALLHCP0003314,CALLHCP0003314,HCP000331,PRD001,2,True,2024-02-16
SAMPCALLHCP0012771,CALLHCP0012771,HCP001277,PRD001,1,True,2024-01-31
SAMPCALLHCP0012773,CALLHCP0012773,HCP001277,PRD001,3,True,2024-02-19
SAMPCALLHCP0012776,CALLHCP0012776,HCP001277,PRD001,3,True,2024-02-04
SAMPCALLHCP0007960,CALLHCP0007960,HCP000796,PRD001,1,True,2024-01-12
SAMPCALLHCP0007964,CALLHCP0007964,HCP000796,PRD001,2,True,2024-01-16
SAMPCALLHCP0007965,CALLHCP0007965,HCP000796,PRD001,1,True,2024-01-04
SAMPCALLHCP0009010,CALLHCP0009010,HCP000901,PRD001,3,True,2024-03-06
SAMPCALLHCP0005483,CALLHCP0005483,HCP000548,PRD001,3,True,2024-01-24
SAMPCALLHCP0002940,CALLHCP0002940,HCP000294,PRD001,3,True,2024-02-16
SAMPCALLHCP0007580,CALLHCP0007580,HCP000758,PRD001,1,True,2024-01-13
SAMPCALLHCP0007270,CALLHCP0007270,HCP000727,PRD001,3,True,2024-02-14
SAMPCALLHCP0007271,CALLHCP0007271,HCP000727,PRD001,1,True,2024-01-22
SAMPCALLHCP0010784,CALLHCP0010784,HCP001078,PRD001,1,True,2024-03-04
SAMPCALLHCP0019532,CALLHCP0019532,HCP001953,PRD001,3,True,2024-02-07
SAMPCALLHCP0010541,CALLHCP0010541,HCP001054,PRD001,2,True,2024-03-01
SAMPCALLHCP0010543,CALLHCP0010543,HCP001054,PRD001,1,True,2024-03-23
SAMPCALLHCP0007470,CALLHCP0007470,HCP000747,PRD001,3,True,2024-02-05
SAMPCALLHCP0009850,CALLHCP0009850,HCP000985,PRD001,1,True,2024-01-25
SAMPCALLHCP0009852,CALLHCP0009852,HCP000985,PRD001,1,True,2024-01-28
SAMPCALLHCP0001354,CALLHCP0001354,HCP000135,PRD001,1,True,2024-03-05
SAMPCALLHCP0001355,CALLHCP0001355,HCP000135,PRD001,3,True,2024-02-07
SAMPCALLHCP0017981,CALLHCP0017981,HCP001798,PRD001,1,True,2024-02-10
SAMPCALLHCP0017983,CALLHCP0017983,HCP001798,PRD001,1,True,2024-03-13
SAMPCALLHCP0019640,CALLHCP0019640,HCP001964,PRD001,3,True,2024-02-15
SAMPCALLHCP0019641,CALLHCP0019641,HCP001964,PRD001,2,True,2024-03-16
SAMPCALLHCP0019643,CALLHCP0019643,HCP001964,PRD001,1,True,2024-01-14
SAMPCALLHCP0018763,CALLHCP0018763,HCP001876,PRD001,1,True,2024-02-24
SAMPCALLHCP0015722,CALLHCP0015722,HCP001572,PRD001,3,True,2024-03-18
SAMPCALLHCP0015233,CALLHCP0015233,HCP001523,PRD001,3,True,2024-01-29
SAMPCALLHCP0006971,CALLHCP0006971,HCP000697,PRD001,2,True,2024-01-15
SAMPCALLHCP0006972,CALLHCP0006972,HCP000697,PRD001,1,True,2024-02-11
SAMPCALLHCP0013152,CALLHCP0013152,HCP001315,PRD001,3,True,2024-03-05
SAMPCALLHCP0000270,CALLHCP0000270,HCP000027,PRD001,1,True,2024-03-16
SAMPCALLHCP0009773,CALLHCP0009773,HCP000977,PRD001,2,True,2024-03-02
SAMPCALLHCP0002323,CALLHCP0002323,HCP000232,PRD001,2,True,2024-03-04
SAMPCALLHCP0014000,CALLHCP0014000,HCP001400,PRD001,2,True,2024-02-29
SAMPCALLHCP0005531,CALLHCP0005531,HCP000553,PRD001,2,True,2024-01-04
SAMPCALLHCP0005532,CALLHCP0005532,HCP000553,PRD001,1,True,2024-02-06
SAMPCALLHCP0018350,CALLHCP0018350,HCP001835,PRD001,2,True,2024-01-28
SAMPCALLHCP0019041,CALLHCP0019041,HCP001904,PRD001,2,True,2024-01-08
SAMPCALLHCP0019044,CALLHCP0019044,HCP001904,PRD001,2,True,2024-02-19
SAMPCALLHCP0002412,CALLHCP0002412,HCP000241,PRD001,2,True,2024-03-13
SAMPCALLHCP0004432,CALLHCP0004432,HCP000443,PRD001,1,True,2024-01-15
SAMPCALLHCP0018521,CALLHCP0018521,HCP001852,PRD001,1,True,2024-02-19
SAMPCALLHCP0011960,CALLHCP0011960,HCP001196,PRD001,2,True,2024-02-12
SAMPCALLHCP0011961,CALLHCP0011961,HCP001196,PRD001,2,True,2024-03-02
SAMPCALLHCP0012170,CALLHCP0012170,HCP001217,PRD001,3,True,2024-01-16
SAMPCALLHCP0008081,CALLHCP0008081,HCP000808,PRD001,2,True,2024-03-04
SAMPCALLHCP0008082,CALLHCP0008082,HCP000808,PRD001,2,True,2024-03-08
SAMPCALLHCP0010040,CALLHCP0010040,HCP001004,PRD001,1,True,2024-01-28
SAMPCALLHCP0010042,CALLHCP0010042,HCP001004,PRD001,1,True,2024-02-20
SAMPCALLHCP0002992,CALLHCP0002992,HCP000299,PRD001,2,True,2024-03-17
SAMPCALLHCP0002994,CALLHCP0002994,HCP000299,PRD001,1,True,2024-01-09
SAMPCALLHCP0017020,CALLHCP0017020,HCP001702,PRD001,1,True,2024-02-17
SAMPCALLHCP0017024,CALLHCP0017024,HCP001702,PRD001,3,True,2024-02-26
SAMPCALLHCP0013634,CALLHCP0013634,HCP001363,PRD001,3,True,2024-03-22
SAMPCALLHCP0019692,CALLHCP0019692,HCP001969,PRD001,3,True,2024-03-24
SAMPCALLHCP0014612,CALLHCP0014612,HCP001461,PRD001,3,True,2024-02-21
SAMPCALLHCP0014616,CALLHCP0014616,HCP001461,PRD001,2,True,2024-02-21
SAMPCALLHCP0011700,CALLHCP0011700,HCP001170,PRD001,2,True,2024-03-14
SAMPCALLHCP0011701,CALLHCP0011701,HCP001170,PRD001,3,True,2024-01-03
SAMPCALLHCP0011702,CALLHCP0011702,HCP001170,PRD001,3,True,2024-03-23
SAMPCALLHCP0011703,CALLHCP0011703,HCP001170,PRD001,3,True,2024-03-01
SAMPCALLHCP0011705,CALLHCP0011705,HCP001170,PRD001,1,True,2024-02-09
SAMPCALLHCP0000633,CALLHCP0000633,HCP000063,PRD001,3,True,2024-03-08
SAMPCALLHCP0019423,CALLHCP0019423,HCP001942,PRD001,2,True,2024-03-21
SAMPCALLHCP0007052,CALLHCP0007052,HCP000705,PRD001,1,True,2024-02-28
SAMPCALLHCP0007053,CALLHCP0007053,HCP000705,PRD001,1,True,2024-02-01
SAMPCALLHCP0003803,CALLHCP0003803,HCP000380,PRD001,3,True,2024-01-04
SAMPCALLHCP0003805,CALLHCP0003805,HCP000380,PRD001,3,True,2024-01-19
SAMPCALLHCP0003806,CALLHCP0003806,HCP000380,PRD001,1,True,2024-01-05
SAMPCALLHCP0007391,CALLHCP0007391,HCP000739,PRD001,1,True,2024-02-13
SAMPCALLHCP0016974,CALLHCP0016974,HCP001697,PRD001,1,True,2024-02-27
SAMPCALLHCP0016975,CALLHCP0016975,HCP001697,PRD001,3,True,2024-02-09
SAMPCALLHCP0002760,CALLHCP0002760,HCP000276,PRD001,2,True,2024-02-09
SAMPCALLHCP0005620,CALLHCP0005620,HCP000562,PRD001,2,True,2024-03-18
SAMPCALLHCP0005622,CALLHCP0005622,HCP000562,PRD001,1,True,2024-03-05
SAMPCALLHCP0010396,CALLHCP0010396,HCP001039,PRD001,3,True,2024-02-26
SAMPCALLHCP0000210,CALLHCP0000210,HCP000021,PRD001,1,True,2024-03-09
SAMPCALLHCP0018372,CALLHCP0018372,HCP001837,PRD001,3,True,2024-03-18
SAMPCALLHCP0011054,CALLHCP0011054,HCP001105,PRD001,3,True,2024-01-26
SAMPCALLHCP0011055,CALLHCP0011055,HCP001105,PRD001,2,True,2024-01-25
SAMPCALLHCP0010752,CALLHCP0010752,HCP001075,PRD001,1,True,2024-02-18
SAMPCALLHCP0010754,CALLHCP0010754,HCP001075,PRD001,1,True,2024-03-05
SAMPCALLHCP0016652,CALLHCP0016652,HCP001665,PRD001,1,True,2024-02-03
SAMPCALLHCP0019280,CALLHCP0019280,HCP001928,PRD001,3,True,2024-02-07
SAMPCALLHCP0019281,CALLHCP0019281,HCP001928,PRD001,3,True,2024-03-18
SAMPCALLHCP0007903,CALLHCP0007903,HCP000790,PRD001,1,True,2024-02-16
SAMPCALLHCP0007904,CALLHCP0007904,HCP000790,PRD001,3,True,2024-02-17
SAMPCALLHCP0007906,CALLHCP0007906,HCP000790,PRD001,1,True,2024-02-17
SAMPCALLHCP0012092,CALLHCP0012092,HCP001209,PRD001,1,True,2024-01-08
SAMPCALLHCP0003251,CALLHCP0003251,HCP000325,PRD001,1,True,2024-02-24
SAMPCALLHCPFF000044,CALLHCPFF000044,HCPFF00004,PRD001,1,True,2024-02-15
SAMPCALLHCP0010003,CALLHCP0010003,HCP001000,PRD001,2,True,2024-02-17
SAMPCALLHCP0010004,CALLHCP0010004,HCP001000,PRD001,2,True,2024-02-10
SAMPCALLHCP0000120,CALLHCP0000120,HCP000012,PRD001,2,True,2024-01-08
SAMPCALLHCP0001220,CALLHCP0001220,HCP000122,PRD001,1,True,2024-02-09
SAMPCALLHCP0001221,CALLHCP0001221,HCP000122,PRD001,1,True,2024-03-21
SAMPCALLHCP0001222,CALLHCP0001222,HCP000122,PRD001,3,True,2024-02-20
SAMPCALLHCP0001225,CALLHCP0001225,HCP000122,PRD001,3,True,2024-03-17
SAMPCALLHCP0018061,CALLHCP0018061,HCP001806,PRD001,2,True,2024-01-28
SAMPCALLHCP0018062,CALLHCP0018062,HCP001806,PRD001,3,True,2024-03-09
SAMPCALLHCP0008440,CALLHCP0008440,HCP000844,PRD001,3,True,2024-02-14
SAMPCALLHCP0008441,CALLHCP0008441,HCP000844,PRD001,1,True,2024-01-20
SAMPCALLHCP0008442,CALLHCP0008442,HCP000844,PRD001,3,True,2024-02-19
SAMPCALLHCP0002290,CALLHCP0002290,HCP000229,PRD001,2,True,2024-01-05
SAMPCALLHCP0002293,CALLHCP0002293,HCP000229,PRD001,3,True,2024-03-10
SAMPCALLHCP0002295,CALLHCP0002295,HCP000229,PRD001,2,True,2024-03-14
SAMPCALLHCP0012143,CALLHCP0012143,HCP001214,PRD001,1,True,2024-01-20
SAMPCALLHCP0005660,CALLHCP0005660,HCP000566,PRD001,2,True,2024-03-07
SAMPCALLHCP0005662,CALLHCP0005662,HCP000566,PRD001,2,True,2024-01-30
SAMPCALLHCP0005666,CALLHCP0005666,HCP000566,PRD001,3,True,2024-01-27
SAMPCALLHCP0014621,CALLHCP0014621,HCP001462,PRD001,3,True,2024-01-01
SAMPCALLHCP0007760,CALLHCP0007760,HCP000776,PRD001,2,True,2024-02-16
SAMPCALLHCP0007763,CALLHCP0007763,HCP000776,PRD001,3,True,2024-02-02
SAMPCALLHCP0009962,CALLHCP0009962,HCP000996,PRD001,3,True,2024-01-08
SAMPCALLHCP0010231,CALLHCP0010231,HCP001023,PRD001,1,True,2024-02-21
SAMPCALLHCP0010821,CALLHCP0010821,HCP001082,PRD001,3,True,2024-01-24
SAMPCALLHCP0010823,CALLHCP0010823,HCP001082,PRD001,1,True,2024-01-06
SAMPCALLHCP0012751,CALLHCP0012751,HCP001275,PRD001,1,True,2024-02-07
SAMPCALLHCP0013741,CALLHCP0013741,HCP001374,PRD001,2,True,2024-02-12
SAMPCALLHCP0013083,CALLHCP0013083,HCP001308,PRD001,2,True,2024-03-20
SAMPCALLHCP0014041,CALLHCP0014041,HCP001404,PRD001,3,True,2024-02-01
SAMPCALLHCP0014042,CALLHCP0014042,HCP001404,PRD001,3,True,2024-02-03
SAMPCALLHCP0008962,CALLHCP0008962,HCP000896,PRD001,2,True,2024-03-20
SAMPCALLHCP0013070,CALLHCP0013070,HCP001307,PRD001,2,True,2024-01-20
SAMPCALLHCP0019292,CALLHCP0019292,HCP001929,PRD001,3,True,2024-03-13
SAMPCALLHCP0012192,CALLHCP0012192,HCP001219,PRD001,1,True,2024-02-04
SAMPCALLHCP0013610,CALLHCP0013610,HCP001361,PRD001,1,True,2024-03-05
SAMPCALLHCP0013612,CALLHCP0013612,HCP001361,PRD001,3,True,2024-03-09
SAMPCALLHCP0013572,CALLHCP0013572,HCP001357,PRD001,3,True,2024-03-10
SAMPCALLHCP0012180,CALLHCP0012180,HCP001218,PRD001,3,True,2024-02-09
SAMPCALLHCP0007492,CALLHCP0007492,HCP000749,PRD001,1,True,2024-03-10
SAMPCALLHCP0007160,CALLHCP0007160,HCP000716,PRD001,1,True,2024-02-09
SAMPCALLHCP0011990,CALLHCP0011990,HCP001199,PRD001,1,True,2024-02-12
SAMPCALLHCP0006422,CALLHCP0006422,HCP000642,PRD001,1,True,2024-03-05
SAMPCALLHCP0004641,CALLHCP0004641,HCP000464,PRD001,2,True,2024-02-04
SAMPCALLHCP0010903,CALLHCP0010903,HCP001090,PRD001,3,True,2024-02-24
SAMPCALLHCP0010904,CALLHCP0010904,HCP001090,PRD001,2,True,2024-02-20
SAMPCALLHCP0017834,CALLHCP0017834,HCP001783,PRD001,1,True,2024-01-26
SAMPCALLHCP0017835,CALLHCP0017835,HCP001783,PRD001,2,True,2024-03-04
SAMPCALLHCP0015560,CALLHCP0015560,HCP001556,PRD001,2,True,2024-01-01
SAMPCALLHCP0015565,CALLHCP0015565,HCP001556,PRD001,1,True,2024-01-19
SAMPCALLHCP0014730,CALLHCP0014730,HCP001473,PRD001,3,True,2024-01-25
SAMPCALLHCP0014732,CALLHCP0014732,HCP001473,PRD001,2,True,2024-03-20
SAMPCALLHCP0014733,CALLHCP0014733,HCP001473,PRD001,1,True,2024-02-12
SAMPCALLHCP0014735,CALLHCP0014735,HCP001473,PRD001,3,True,2024-02-13
SAMPCALLHCP0002501,CALLHCP0002501,HCP000250,PRD001,3,True,2024-01-16
SAMPCALLHCP0006824,CALLHCP0006824,HCP000682,PRD001,2,True,2024-01-09
SAMPCALLHCP0003322,CALLHCP0003322,HCP000332,PRD001,3,True,2024-02-26
SAMPCALLHCP0015213,CALLHCP0015213,HCP001521,PRD001,3,True,2024-01-30
SAMPCALLHCP0015215,CALLHCP0015215,HCP001521,PRD001,2,True,2024-01-13
SAMPCALLHCP0019010,CALLHCP0019010,HCP001901,PRD001,2,True,2024-03-06
SAMPCALLHCP0019011,CALLHCP0019011,HCP001901,PRD001,1,True,2024-01-27
SAMPCALLHCP0019013,CALLHCP0019013,HCP001901,PRD001,2,True,2024-03-23
SAMPCALLHCP0000772,CALLHCP0000772,HCP000077,PRD001,1,True,2024-02-08
SAMPCALLHCP0004442,CALLHCP0004442,HCP000444,PRD001,3,True,2024-03-14
SAMPCALLHCP0004444,CALLHCP0004444,HCP000444,PRD001,3,True,2024-02-02
SAMPCALLHCP0012402,CALLHCP0012402,HCP001240,PRD001,3,True,2024-01-24
SAMPCALLHCP0014240,CALLHCP0014240,HCP001424,PRD001,2,True,2024-02-11
SAMPCALLHCP0014241,CALLHCP0014241,HCP001424,PRD001,2,True,2024-03-22
SAMPCALLHCP0014243,CALLHCP0014243,HCP001424,PRD001,3,True,2024-02-21
SAMPCALLHCP0014245,CALLHCP0014245,HCP001424,PRD001,2,True,2024-03-05
SAMPCALLHCP0003551,CALLHCP0003551,HCP000355,PRD001,2,True,2024-02-02
SAMPCALLHCP0016904,CALLHCP0016904,HCP001690,PRD001,2,True,2024-02-14
SAMPCALLHCP0006001,CALLHCP0006001,HCP000600,PRD001,2,True,2024-02-03
SAMPCALLHCP0014761,CALLHCP0014761,HCP001476,PRD001,2,True,2024-02-01
SAMPCALLHCP0000114,CALLHCP0000114,HCP000011,PRD001,2,True,2024-02-06
SAMPCALLHCP0008423,CALLHCP0008423,HCP000842,PRD001,3,True,2024-02-12
SAMPCALLHCP0002702,CALLHCP0002702,HCP000270,PRD001,3,True,2024-03-08
SAMPCALLHCP0002705,CALLHCP0002705,HCP000270,PRD001,2,True,2024-01-25
SAMPCALLHCP0012130,CALLHCP0012130,HCP001213,PRD001,2,True,2024-02-08
SAMPCALLHCP0001451,CALLHCP0001451,HCP000145,PRD001,3,True,2024-03-02
SAMPCALLHCP0000250,CALLHCP0000250,HCP000025,PRD001,1,True,2024-02-18
SAMPCALLHCP0003503,CALLHCP0003503,HCP000350,PRD001,3,True,2024-02-12
SAMPCALLHCP0003506,CALLHCP0003506,HCP000350,PRD001,3,True,2024-01-21
SAMPCALLHCP0000000,CALLHCP0000000,HCP000000,PRD001,2,True,2024-03-13
SAMPCALLHCP0017966,CALLHCP0017966,HCP001796,PRD001,1,True,2024-01-08
SAMPCALLHCP0004251,CALLHCP0004251,HCP000425,PRD001,1,True,2024-03-19
SAMPCALLHCP0004252,CALLHCP0004252,HCP000425,PRD001,2,True,2024-03-18
SAMPCALLHCP0004253,CALLHCP0004253,HCP000425,PRD001,2,True,2024-03-13
SAMPCALLHCP0006960,CALLHCP0006960,HCP000696,PRD001,2,True,2024-02-03
SAMPCALLHCP0015432,CALLHCP0015432,HCP001543,PRD001,1,True,2024-03-10
SAMPCALLHCP0016434,CALLHCP0016434,HCP001643,PRD001,2,True,2024-02-22
SAMPCALLHCP0019600,CALLHCP0019600,HCP001960,PRD001,2,True,2024-01-21
SAMPCALLHCP0019910,CALLHCP0019910,HCP001991,PRD001,3,True,2024-02-14
SAMPCALLHCP0006220,CALLHCP0006220,HCP000622,PRD001,3,True,2024-03-08
SAMPCALLHCP0006222,CALLHCP0006222,HCP000622,PRD001,1,True,2024-01-16
SAMPCALLHCP0006225,CALLHCP0006225,HCP000622,PRD001,3,True,2024-02-28
SAMPCALLHCP0006226,CALLHCP0006226,HCP000622,PRD001,1,True,2024-01-31
SAMPCALLHCP0017750,CALLHCP0017750,HCP001775,PRD001,3,True,2024-01-24
SAMPCALLHCP0006615,CALLHCP0006615,HCP000661,PRD001,3,True,2024-02-15
SAMPCALLHCP0012430,CALLHCP0012430,HCP001243,PRD001,1,True,2024-02-27
SAMPCALLHCP0012431,CALLHCP0012431,HCP001243,PRD001,3,True,2024-03-19
SAMPCALLHCP0012432,CALLHCP0012432,HCP001243,PRD001,1,True,2024-02-03
SAMPCALLHCP0011582,CALLHCP0011582,HCP001158,PRD001,2,True,2024-01-06
SAMPCALLHCP0017640,CALLHCP0017640,HCP001764,PRD001,1,True,2024-02-13
SAMPCALLHCP0017643,CALLHCP0017643,HCP001764,PRD001,3,True,2024-01-22
SAMPCALLHCP0017644,CALLHCP0017644,HCP001764,PRD001,1,True,2024-02-01
SAMPCALLHCP0001410,CALLHCP0001410,HCP000141,PRD001,2,True,2024-03-01
SAMPCALLHCP0001411,CALLHCP0001411,HCP000141,PRD001,3,True,2024-01-08
SAMPCALLHCP0001413,CALLHCP0001413,HCP000141,PRD001,2,True,2024-01-21
SAMPCALLHCP0006071,CALLHCP0006071,HCP000607,PRD001,3,True,2024-01-13
SAMPCALLHCP0006074,CALLHCP0006074,HCP000607,PRD001,1,True,2024-02-10
SAMPCALLHCP0007890,CALLHCP0007890,HCP000789,PRD001,3,True,2024-01-20
SAMPCALLHCP0007893,CALLHCP0007893,HCP000789,PRD001,2,True,2024-03-12
SAMPCALLHCP0019090,CALLHCP0019090,HCP001909,PRD001,2,True,2024-03-24
SAMPCALLHCP0019093,CALLHCP0019093,HCP001909,PRD001,2,True,2024-03-24
SAMPCALLHCP0007280,CALLHCP0007280,HCP000728,PRD001,1,True,2024-01-04
SAMPCALLHCP0009990,CALLHCP0009990,HCP000999,PRD001,3,True,2024-03-05
SAMPCALLHCP0001542,CALLHCP0001542,HCP000154,PRD001,2,True,2024-03-10
SAMPCALLHCP0001544,CALLHCP0001544,HCP000154,PRD001,1,True,2024-02-29
SAMPCALLHCP0016303,CALLHCP0016303,HCP001630,PRD001,1,True,2024-01-22
SAMPCALLHCP0005290,CALLHCP0005290,HCP000529,PRD001,2,True,2024-01-19
SAMPCALLHCP0018590,CALLHCP0018590,HCP001859,PRD001,3,True,2024-01-22
SAMPCALLHCP0009603,CALLHCP0009603,HCP000960,PRD001,2,True,2024-03-12
SAMPCALLHCP0004662,CALLHCP0004662,HCP000466,PRD001,2,True,2024-03-16
SAMPCALLHCP0017070,CALLHCP0017070,HCP001707,PRD001,3,True,2024-01-01
SAMPCALLHCP0017072,CALLHCP0017072,HCP001707,PRD001,3,True,2024-02-28
SAMPCALLHCP0007463,CALLHCP0007463,HCP000746,PRD001,3,True,2024-02-12
SAMPCALLHCP0007464,CALLHCP0007464,HCP000746,PRD001,1,True,2024-01-01
SAMPCALLHCP0006080,CALLHCP0006080,HCP000608,PRD001,1,True,2024-02-14
SAMPCALLHCP0013840,CALLHCP0013840,HCP001384,PRD001,3,True,2024-03-15
SAMPCALLHCP0013842,CALLHCP0013842,HCP001384,PRD001,3,True,2024-01-22
SAMPCALLHCP0013844,CALLHCP0013844,HCP001384,PRD001,3,True,2024-02-27
SAMPCALLHCP0013845,CALLHCP0013845,HCP001384,PRD001,3,True,2024-01-25
SAMPCALLHCP0013846,CALLHCP0013846,HCP001384,PRD001,1,True,2024-03-23
SAMPCALLHCP0011483,CALLHCP0011483,HCP001148,PRD001,2,True,2024-01-12
SAMPCALLHCP0006541,CALLHCP0006541,HCP000654,PRD001,2,True,2024-03-24
SAMPCALLHCP0006545,CALLHCP0006545,HCP000654,PRD001,2,True,2024-01-04
SAMPCALLHCP0015043,CALLHCP0015043,HCP001504,PRD001,2,True,2024-03-07
SAMPCALLHCP0011341,CALLHCP0011341,HCP001134,PRD001,2,True,2024-01-23
SAMPCALLHCP0012480,CALLHCP0012480,HCP001248,PRD001,3,True,2024-01-08
SAMPCALLHCP0012541,CALLHCP0012541,HCP001254,PRD001,2,True,2024-01-07
SAMPCALLHCP0005740,CALLHCP0005740,HCP000574,PRD001,1,True,2024-02-20
SAMPCALLHCP0013680,CALLHCP0013680,HCP001368,PRD001,1,True,2024-02-17
SAMPCALLHCP0004412,CALLHCP0004412,HCP000441,PRD001,3,True,2024-03-12
SAMPCALLHCP0018200,CALLHCP0018200,HCP001820,PRD001,3,True,2024-02-07
SAMPCALLHCP0016212,CALLHCP0016212,HCP001621,PRD001,2,True,2024-03-03
SAMPCALLHCP0005873,CALLHCP0005873,HCP000587,PRD001,1,True,2024-02-04
SAMPCALLHCP0005692,CALLHCP0005692,HCP000569,PRD001,1,True,2024-03-23
SAMPCALLHCP0014211,CALLHCP0014211,HCP001421,PRD001,3,True,2024-01-02
SAMPCALLHCP0014212,CALLHCP0014212,HCP001421,PRD001,1,True,2024-01-03
SAMPCALLHCP0002334,CALLHCP0002334,HCP000233,PRD001,2,True,2024-01-24
SAMPCALLHCP0011321,CALLHCP0011321,HCP001132,PRD001,3,True,2024-03-16
SAMPCALLHCP0011326,CALLHCP0011326,HCP001132,PRD001,1,True,2024-01-10
SAMPCALLHCP0011122,CALLHCP0011122,HCP001112,PRD001,2,True,2024-03-01
SAMPCALLHCP0011123,CALLHCP0011123,HCP001112,PRD001,3,True,2024-03-20
SAMPCALLHCP0018052,CALLHCP0018052,HCP001805,PRD001,2,True,2024-03-11
SAMPCALLHCP0001993,CALLHCP0001993,HCP000199,PRD001,2,True,2024-03-20
SAMPCALLHCP0001994,CALLHCP0001994,HCP000199,PRD001,3,True,2024-02-19
SAMPCALLHCP0001995,CALLHCP0001995,HCP000199,PRD001,3,True,2024-02-28
SAMPCALLHCP0011671,CALLHCP0011671,HCP001167,PRD001,1,True,2024-03-04
SAMPCALLHCP0002961,CALLHCP0002961,HCP000296,PRD001,2,True,2024-02-28
SAMPCALLHCP0002963,CALLHCP0002963,HCP000296,PRD001,1,True,2024-01-22
SAMPCALLHCP0001270,CALLHCP0001270,HCP000127,PRD001,1,True,2024-03-05
SAMPCALLHCP0001271,CALLHCP0001271,HCP000127,PRD001,1,True,2024-02-10
SAMPCALLHCP0001273,CALLHCP0001273,HCP000127,PRD001,3,True,2024-03-14
SAMPCALLHCP0001275,CALLHCP0001275,HCP000127,PRD001,2,True,2024-02-11
SAMPCALLHCP0004830,CALLHCP0004830,HCP000483,PRD001,1,True,2024-02-07
SAMPCALLHCP0004832,CALLHCP0004832,HCP000483,PRD001,2,True,2024-03-23
SAMPCALLHCP0005552,CALLHCP0005552,HCP000555,PRD001,1,True,2024-02-27
SAMPCALLHCP0004631,CALLHCP0004631,HCP000463,PRD001,2,True,2024-01-21
SAMPCALLHCP0004632,CALLHCP0004632,HCP000463,PRD001,1,True,2024-03-16
SAMPCALLHCP0019450,CALLHCP0019450,HCP001945,PRD001,1,True,2024-01-03
SAMPCALLHCP0016680,CALLHCP0016680,HCP001668,PRD001,2,True,2024-03-12
SAMPCALLHCP0009662,CALLHCP0009662,HCP000966,PRD001,2,True,2024-01-09
SAMPCALLHCP0018150,CALLHCP0018150,HCP001815,PRD001,1,True,2024-03-18
SAMPCALLHCP0015590,CALLHCP0015590,HCP001559,PRD001,2,True,2024-03-11
SAMPCALLHCP0015594,CALLHCP0015594,HCP001559,PRD001,1,True,2024-02-07
SAMPCALLHCP0004360,CALLHCP0004360,HCP000436,PRD001,1,True,2024-03-10
SAMPCALLHCP0003541,CALLHCP0003541,HCP000354,PRD001,1,True,2024-02-06
SAMPCALLHCP0003543,CALLHCP0003543,HCP000354,PRD001,2,True,2024-01-07
SAMPCALLHCP0002800,CALLHCP0002800,HCP000280,PRD001,1,True,2024-02-21
SAMPCALLHCP0002801,CALLHCP0002801,HCP000280,PRD001,3,True,2024-01-02
SAMPCALLHCP0002802,CALLHCP0002802,HCP000280,PRD001,1,True,2024-01-04
SAMPCALLHCP0017203,CALLHCP0017203,HCP001720,PRD001,1,True,2024-01-20
SAMPCALLHCP0017204,CALLHCP0017204,HCP001720,PRD001,2,True,2024-03-18
SAMPCALLHCP0013341,CALLHCP0013341,HCP001334,PRD001,3,True,2024-03-04
SAMPCALLHCP0013342,CALLHCP0013342,HCP001334,PRD001,1,True,2024-02-01
SAMPCALLHCP0013344,CALLHCP0013344,HCP001334,PRD001,2,True,2024-02-26
SAMPCALLHCP0005351,CALLHCP0005351,HCP000535,PRD001,1,True,2024-02-15
SAMPCALLHCP0009334,CALLHCP0009334,HCP000933,PRD001,2,True,2024-02-26
SAMPCALLHCP0009335,CALLHCP0009335,HCP000933,PRD001,2,True,2024-01-24
SAMPCALLHCP0000681,CALLHCP0000681,HCP000068,PRD001,1,True,2024-01-22
SAMPCALLHCP0007442,CALLHCP0007442,HCP000744,PRD001,2,True,2024-02-02
SAMPCALLHCP0016910,CALLHCP0016910,HCP001691,PRD001,3,True,2024-01-24
SAMPCALLHCP0018492,CALLHCP0018492,HCP001849,PRD001,1,True,2024-01-05
SAMPCALLHCP0017270,CALLHCP0017270,HCP001727,PRD001,1,True,2024-03-18
SAMPCALLHCP0002150,CALLHCP0002150,HCP000215,PRD001,2,True,2024-03-01
SAMPCALLHCP0015110,CALLHCP0015110,HCP001511,PRD001,1,True,2024-01-24
SAMPCALLHCP0015111,CALLHCP0015111,HCP001511,PRD001,3,True,2024-02-19
SAMPCALLHCP0007650,CALLHCP0007650,HCP000765,PRD001,1,True,2024-01-09
SAMPCALLHCP0000580,CALLHCP0000580,HCP000058,PRD001,2,True,2024-01-13
SAMPCALLHCP0013532,CALLHCP0013532,HCP001353,PRD001,2,True,2024-01-30
SAMPCALLHCP0014120,CALLHCP0014120,HCP001412,PRD001,2,True,2024-03-14
SAMPCALLHCP0008660,CALLHCP0008660,HCP000866,PRD001,3,True,2024-01-01
SAMPCALLHCP0008661,CALLHCP0008661,HCP000866,PRD001,1,True,2024-02-25
SAMPCALLHCP0001971,CALLHCP0001971,HCP000197,PRD001,1,True,2024-02-23
SAMPCALLHCP0015291,CALLHCP0015291,HCP001529,PRD001,1,True,2024-01-13
SAMPCALLHCP0015292,CALLHCP0015292,HCP001529,PRD001,1,True,2024-01-06
SAMPCALLHCP0015294,CALLHCP0015294,HCP001529,PRD001,2,True,2024-02-20
SAMPCALLHCP0003850,CALLHCP0003850,HCP000385,PRD001,1,True,2024-03-21
SAMPCALLHCP0019410,CALLHCP0019410,HCP001941,PRD001,1,True,2024-03-09
SAMPCALLHCP0008110,CALLHCP0008110,HCP000811,PRD001,2,True,2024-02-29
SAMPCALLHCP0018820,CALLHCP0018820,HCP001882,PRD001,1,True,2024-01-31
SAMPCALLHCP0018822,CALLHCP0018822,HCP001882,PRD001,2,True,2024-03-05
SAMPCALLHCP0006730,CALLHCP0006730,HCP000673,PRD001,3,True,2024-02-08
SAMPCALLHCP0011900,CALLHCP0011900,HCP001190,PRD001,1,True,2024-02-26
SAMPCALLHCP0014101,CALLHCP0014101,HCP001410,PRD001,1,True,2024-01-29
SAMPCALLHCP0012964,CALLHCP0012964,HCP001296,PRD001,3,True,2024-03-22
SAMPCALLHCP0007712,CALLHCP0007712,HCP000771,PRD001,2,True,2024-01-17
SAMPCALLHCP0001031,CALLHCP0001031,HCP000103,PRD001,2,True,2024-02-12
SAMPCALLHCP0001032,CALLHCP0001032,HCP000103,PRD001,2,True,2024-03-02
SAMPCALLHCP0019234,CALLHCP0019234,HCP001923,PRD001,1,True,2024-01-10
SAMPCALLHCP0012231,CALLHCP0012231,HCP001223,PRD001,3,True,2024-02-09
SAMPCALLHCP0003890,CALLHCP0003890,HCP000389,PRD001,1,True,2024-02-17
SAMPCALLHCP0003892,CALLHCP0003892,HCP000389,PRD001,3,True,2024-03-06
SAMPCALLHCP0003893,CALLHCP0003893,HCP000389,PRD001,2,True,2024-03-12
SAMPCALLHCP0006632,CALLHCP0006632,HCP000663,PRD001,1,True,2024-02-29
SAMPCALLHCP0006633,CALLHCP0006633,HCP000663,PRD001,1,True,2024-02-12
SAMPCALLHCP0011730,CALLHCP0011730,HCP001173,PRD001,2,True,2024-03-21
SAMPCALLHCP0011732,CALLHCP0011732,HCP001173,PRD001,2,True,2024-02-18
SAMPCALLHCP0018612,CALLHCP0018612,HCP001861,PRD001,1,True,2024-01-21
SAMPCALLHCP0005162,CALLHCP0005162,HCP000516,PRD001,3,True,2024-01-11
SAMPCALLHCP0006792,CALLHCP0006792,HCP000679,PRD001,2,True,2024-02-02
