hco_id,hco_name,class_of_trade,parent_hco_id,idn_id,gpo_id,is_340b,bed_count,address_line1,city,state,zip5,dea_number,hin,npi_org,level
ORG0000,Health System Parent 0,HOSPITAL,IDN000,IDN000,GPO0,False,624.0,100 MAIN ST,SYNTH CITY,CA,90000,MF1880707,H81415903,9314563955,PARENT
ORG0001,Health System Parent 1,HOSPITAL,IDN001,IDN001,GPO1,False,264.0,101 MAIN ST,SYNTH CITY,OR,90007,RR4055168,H17174091,5197844678,PARENT
ORG0002,Health System Parent 2,HOSPITAL,IDN002,IDN002,GPO2,False,685.0,102 MAIN ST,SYNTH CITY,WA,90014,AM1282742,H35769876,2413941693,PARENT
ORG0003,Health System Parent 3,HOSPITAL,IDN003,IDN003,GPO3,False,700.0,103 MAIN ST,SYNTH CITY,AZ,90021,BG5222978,H89180453,1183391998,PARENT
ORG0004,Health System Parent 4,HOSPITAL,IDN004,IDN004,GPO4,False,498.0,104 MAIN ST,SYNTH CITY,CO,90028,BB2514150,H70118045,5683839570,PARENT
ORG0005,Health System Parent 5,HOSPITAL,IDN005,IDN005,GPO0,False,706.0,105 MAIN ST,SYNTH CITY,TX,90035,PP5041822,H26594200,3958108102,PARENT
ORG0006,Health System Parent 6,HOSPITAL,IDN006,IDN006,GPO1,False,353.0,106 MAIN ST,SYNTH CITY,FL,90042,RM0888929,H38576667,7185359883,PARENT
ORG0007,Health System Parent 7,HOSPITAL,IDN007,IDN007,GPO2,False,397.0,107 MAIN ST,SYNTH CITY,GA,90049,PF6622014,H41462335,3734316227,PARENT
ORG0008,Health System Parent 8,HOSPITAL,IDN008,IDN008,GPO3,False,644.0,108 MAIN ST,SYNTH CITY,NY,90056,RM9847345,H98462855,7602170251,PARENT
ORG0009,Health System Parent 9,HOSPITAL,IDN009,IDN009,GPO4,False,571.0,109 MAIN ST,SYNTH CITY,NJ,90063,GR9196606,H75059719,9184547971,PARENT
ORG0010,Health System Parent 10,HOSPITAL,IDN000,IDN000,GPO0,False,748.0,110 MAIN ST,SYNTH CITY,MA,90070,RA2750056,H11150544,6577975421,PARENT
ORG0011,Health System Parent 11,HOSPITAL,IDN001,IDN001,GPO1,False,499.0,111 MAIN ST,SYNTH CITY,PA,90077,AR8171704,H67497267,3788762730,PARENT
ORG0012,Health System Parent 12,HOSPITAL,IDN002,IDN002,GPO2,False,449.0,112 MAIN ST,SYNTH CITY,IL,90084,FF1910954,H73171599,3764136909,PARENT
ORG0013,Health System Parent 13,HOSPITAL,IDN003,IDN003,GPO3,False,588.0,113 MAIN ST,SYNTH CITY,OH,90091,PR4128861,H14506500,4784294348,PARENT
ORG0014,Health System Parent 14,HOSPITAL,IDN004,IDN004,GPO4,False,59.0,114 MAIN ST,SYNTH CITY,MI,90098,FG9775139,H08627801,6906166064,PARENT
ORG0015,Health System Parent 15,HOSPITAL,IDN005,IDN005,GPO0,False,722.0,115 MAIN ST,SYNTH CITY,MN,90105,RA2241878,H10926900,0108698925,PARENT
ORG0016,Health System Parent 16,HOSPITAL,IDN006,IDN006,GPO1,False,265.0,116 MAIN ST,SYNTH CITY,CA,90112,PB0689917,H86884042,1165575600,PARENT
ORG0017,Health System Parent 17,HOSPITAL,IDN007,IDN007,GPO2,False,688.0,117 MAIN ST,SYNTH CITY,OR,90119,GB8701020,H75976500,6002847419,PARENT
ORG0018,Health System Parent 18,HOSPITAL,IDN008,IDN008,GPO3,False,328.0,118 MAIN ST,SYNTH CITY,WA,90126,AP1395457,H26854129,5345562644,PARENT
ORG0019,Health System Parent 19,HOSPITAL,IDN009,IDN009,GPO4,False,755.0,119 MAIN ST,SYNTH CITY,AZ,90133,BB4564941,H19192036,4764694145,PARENT
ORG0020,Health System Parent 20,HOSPITAL,IDN000,IDN000,GPO0,False,680.0,120 MAIN ST,SYNTH CITY,CO,90140,BR5639024,H44120535,5756566324,PARENT
ORG0021,Health System Parent 21,HOSPITAL,IDN001,IDN001,GPO1,False,640.0,121 MAIN ST,SYNTH CITY,TX,90147,FG1456539,H58758198,5752723580,PARENT
ORG0022,Health System Parent 22,HOSPITAL,IDN002,IDN002,GPO2,False,337.0,122 MAIN ST,SYNTH CITY,FL,90154,GA1008880,H02534173,0790487843,PARENT
ORG0023,Health System Parent 23,HOSPITAL,IDN003,IDN003,GPO3,False,329.0,123 MAIN ST,SYNTH CITY,GA,90161,MB2661535,H90947437,6177396309,PARENT
ORG0024,Health System Parent 24,HOSPITAL,IDN004,IDN004,GPO4,False,556.0,124 MAIN ST,SYNTH CITY,NY,90168,BP5417148,H99952889,6154833084,PARENT
ORG0025,Health System Parent 25,HOSPITAL,IDN005,IDN005,GPO0,False,616.0,125 MAIN ST,SYNTH CITY,NJ,90175,AG4491312,H99062121,4957400227,PARENT
ORG0026,Health System Parent 26,HOSPITAL,IDN006,IDN006,GPO1,False,680.0,126 MAIN ST,SYNTH CITY,MA,90182,PP6564677,H60737583,9834576834,PARENT
ORG0027,Health System Parent 27,HOSPITAL,IDN007,IDN007,GPO2,False,428.0,127 MAIN ST,SYNTH CITY,PA,90189,GR3518335,H48551039,9663103312,PARENT
ORG0028,Health System Parent 28,HOSPITAL,IDN008,IDN008,GPO3,False,244.0,128 MAIN ST,SYNTH CITY,IL,90196,AM9644315,H50421756,7986849769,PARENT
ORG0029,Health System Parent 29,HOSPITAL,IDN009,IDN009,GPO4,False,727.0,129 MAIN ST,SYNTH CITY,OH,90203,GP2967480,H15784659,6491912872,PARENT
ORG0030,Health System Parent 30,HOSPITAL,IDN000,IDN000,GPO0,False,777.0,130 MAIN ST,SYNTH CITY,MI,90210,PM3012057,H94898439,2407602558,PARENT
ORG0031,Health System Parent 31,HOSPITAL,IDN001,IDN001,GPO1,False,651.0,131 MAIN ST,SYNTH CITY,MN,90217,BR4820039,H03196776,7087738309,PARENT
ORG0032,Health System Parent 32,HOSPITAL,IDN002,IDN002,GPO2,False,730.0,132 MAIN ST,SYNTH CITY,CA,90224,BA6284095,H26507468,6622485376,PARENT
ORG0033,Health System Parent 33,HOSPITAL,IDN003,IDN003,GPO3,False,690.0,133 MAIN ST,SYNTH CITY,OR,90231,RF7543125,H88160634,7485962741,PARENT
ORG0034,Health System Parent 34,HOSPITAL,IDN004,IDN004,GPO4,False,450.0,134 MAIN ST,SYNTH CITY,WA,90238,AA5198775,H03492431,1300325036,PARENT
ORG0035,Health System Parent 35,HOSPITAL,IDN005,IDN005,GPO0,False,389.0,135 MAIN ST,SYNTH CITY,AZ,90245,RM8344899,H75592383,2538935976,PARENT
ORG0036,Health System Parent 36,HOSPITAL,IDN006,IDN006,GPO1,False,211.0,136 MAIN ST,SYNTH CITY,CO,90252,MM6028223,H11380205,2757648490,PARENT
ORG0037,Health System Parent 37,HOSPITAL,IDN007,IDN007,GPO2,False,796.0,137 MAIN ST,SYNTH CITY,TX,90259,MM2869274,H11531463,9759410993,PARENT
ORG0038,Health System Parent 38,HOSPITAL,IDN008,IDN008,GPO3,False,604.0,138 MAIN ST,SYNTH CITY,FL,90266,AF0025094,H25730081,6370864293,PARENT
ORG0039,Health System Parent 39,HOSPITAL,IDN009,IDN009,GPO4,False,276.0,139 MAIN ST,SYNTH CITY,GA,90273,GF2410214,H81015240,3445748528,PARENT
ORG0040,Health System Parent 40,HOSPITAL,IDN000,IDN000,GPO0,False,221.0,140 MAIN ST,SYNTH CITY,NY,90280,FM2948632,H73294044,8711603109,PARENT
ORG0041,Health System Parent 41,HOSPITAL,IDN001,IDN001,GPO1,False,739.0,141 MAIN ST,SYNTH CITY,NJ,90287,AA9180117,H64205256,8402856412,PARENT
ORG0042,Health System Parent 42,HOSPITAL,IDN002,IDN002,GPO2,False,722.0,142 MAIN ST,SYNTH CITY,MA,90294,PR8222954,H96990378,1357162258,PARENT
ORG0043,Health System Parent 43,HOSPITAL,IDN003,IDN003,GPO3,False,360.0,143 MAIN ST,SYNTH CITY,PA,90301,MF8080733,H07167873,7831815213,PARENT
ORG0044,Health System Parent 44,HOSPITAL,IDN004,IDN004,GPO4,False,632.0,144 MAIN ST,SYNTH CITY,IL,90308,BM6017519,H20905955,3158084517,PARENT
ORG0045,Health System Parent 45,HOSPITAL,IDN005,IDN005,GPO0,False,516.0,145 MAIN ST,SYNTH CITY,OH,90315,BB7045123,H69810051,2888266154,PARENT
ORG0046,Health System Parent 46,HOSPITAL,IDN006,IDN006,GPO1,False,443.0,146 MAIN ST,SYNTH CITY,MI,90322,FP6577527,H79149590,0735449072,PARENT
ORG0047,Health System Parent 47,HOSPITAL,IDN007,IDN007,GPO2,False,717.0,147 MAIN ST,SYNTH CITY,MN,90329,MF1641392,H16198992,2348768633,PARENT
ORG0048,Health System Parent 48,HOSPITAL,IDN008,IDN008,GPO3,False,359.0,148 MAIN ST,SYNTH CITY,CA,90336,GA7675795,H41796887,5002474026,PARENT
ORG0049,Health System Parent 49,HOSPITAL,IDN009,IDN009,GPO4,False,784.0,149 MAIN ST,SYNTH CITY,OR,90343,RF8798636,H33655340,6595401335,PARENT
IDN000,IDN 0,HOSPITAL,,IDN000,GPO0,False,,0 IDN WAY,SYNTH CITY,CA,90000,,,3371313602,IDN
IDN001,IDN 1,HOSPITAL,,IDN001,GPO1,False,,1 IDN WAY,SYNTH CITY,OR,90007,,,3097210470,IDN
IDN002,IDN 2,HOSPITAL,,IDN002,GPO2,False,,2 IDN WAY,SYNTH CITY,WA,90014,,,5832429141,IDN
IDN003,IDN 3,HOSPITAL,,IDN003,GPO3,False,,3 IDN WAY,SYNTH CITY,AZ,90021,,,5044210040,IDN
IDN004,IDN 4,HOSPITAL,,IDN004,GPO4,False,,4 IDN WAY,SYNTH CITY,CO,90028,,,0926648128,IDN
IDN005,IDN 5,HOSPITAL,,IDN005,GPO0,False,,5 IDN WAY,SYNTH CITY,TX,90035,,,2123738793,IDN
IDN006,IDN 6,HOSPITAL,,IDN006,GPO1,False,,6 IDN WAY,SYNTH CITY,FL,90042,,,1969395049,IDN
IDN007,IDN 7,HOSPITAL,,IDN007,GPO2,False,,7 IDN WAY,SYNTH CITY,GA,90049,,,1932540887,IDN
IDN008,IDN 8,HOSPITAL,,IDN008,GPO3,False,,8 IDN WAY,SYNTH CITY,NY,90056,,,7645510240,IDN
IDN009,IDN 9,HOSPITAL,,IDN009,GPO4,False,,9 IDN WAY,SYNTH CITY,NJ,90063,,,1183557721,IDN
SITE00000,Retail Chain Site 0,RETAIL_CHAIN,ORG0000,IDN000,GPO0,False,,200 PRACTICE AVE,SYNTH CITY,CA,90000,PF8417070,H26941287,1321861647,SITE
SITE00001,Independent Site 1,INDEPENDENT,ORG0001,IDN001,GPO1,False,,201 PRACTICE AVE,SYNTH CITY,OR,90007,AG1287185,H87355723,2210908077,SITE
SITE00002,Hospital Site 2,HOSPITAL,ORG0002,IDN002,GPO2,False,65.0,202 PRACTICE AVE,SYNTH CITY,WA,90014,GB4453584,H31311904,8911359213,SITE
SITE00003,Clinic Site 3,CLINIC,ORG0003,IDN003,GPO3,False,,203 PRACTICE AVE,SYNTH CITY,AZ,90021,BR0311903,H96049455,6189188736,SITE
SITE00004,Ltc Site 4,LTC,ORG0004,IDN004,GPO4,False,,204 PRACTICE AVE,SYNTH CITY,CO,90028,GP1896350,H93076607,6782295425,SITE
SITE00005,Mail Site 5,MAIL,ORG0005,IDN005,GPO0,False,,205 PRACTICE AVE,SYNTH CITY,TX,90035,MP0592280,H34714176,4319634778,SITE
SITE00006,Specialty Site 6,SPECIALTY,ORG0006,IDN006,GPO1,False,,206 PRACTICE AVE,SYNTH CITY,FL,90042,GF6650469,H53510698,5094287724,SITE
SITE00007,Covered Entity 340B Site 7,COVERED_ENTITY_340B,ORG0007,IDN007,GPO2,True,,207 PRACTICE AVE,SYNTH CITY,GA,90049,RG5761339,H73773485,1755793415,SITE
SITE00008,Retail Chain Site 8,RETAIL_CHAIN,ORG0008,IDN008,GPO3,False,,208 PRACTICE AVE,SYNTH CITY,NY,90056,MF3644421,H80361676,3083811794,SITE
SITE00009,Independent Site 9,INDEPENDENT,ORG0009,IDN009,GPO4,False,,209 PRACTICE AVE,SYNTH CITY,NJ,90063,RP2961182,H71222699,7295577952,SITE
SITE00010,Hospital Site 10,HOSPITAL,ORG0010,IDN000,GPO0,False,122.0,210 PRACTICE AVE,SYNTH CITY,MA,90070,PB3603795,H34650547,8963419881,SITE
SITE00011,Clinic Site 11,CLINIC,ORG0011,IDN001,GPO1,False,,211 PRACTICE AVE,SYNTH CITY,PA,90077,FF8574468,H38249993,8990797275,SITE
SITE00012,Ltc Site 12,LTC,ORG0012,IDN002,GPO2,False,,212 PRACTICE AVE,SYNTH CITY,IL,90084,AG6462666,H23245342,2682851300,SITE
SITE00013,Mail Site 13,MAIL,ORG0013,IDN003,GPO3,False,,213 PRACTICE AVE,SYNTH CITY,OH,90091,AF4718216,H76113492,1910446891,SITE
SITE00014,Specialty Site 14,SPECIALTY,ORG0014,IDN004,GPO4,False,,214 PRACTICE AVE,SYNTH CITY,MI,90098,FR6091572,H24826417,8511455254,SITE
SITE00015,Covered Entity 340B Site 15,COVERED_ENTITY_340B,ORG0015,IDN005,GPO0,True,,215 PRACTICE AVE,SYNTH CITY,MN,90105,FM7609090,H51067193,3241420363,SITE
SITE00016,Retail Chain Site 16,RETAIL_CHAIN,ORG0016,IDN006,GPO1,False,,216 PRACTICE AVE,SYNTH CITY,CA,90112,PF3768989,H43327781,4282158904,SITE
SITE00017,Independent Site 17,INDEPENDENT,ORG0017,IDN007,GPO2,False,,217 PRACTICE AVE,SYNTH CITY,OR,90119,FB3520502,H00487003,6783101085,SITE
SITE00018,Hospital Site 18,HOSPITAL,ORG0018,IDN008,GPO3,False,53.0,218 PRACTICE AVE,SYNTH CITY,WA,90126,PG5480043,H57523725,5774334267,SITE
SITE00019,Clinic Site 19,CLINIC,ORG0019,IDN009,GPO4,False,,219 PRACTICE AVE,SYNTH CITY,AZ,90133,BM7917031,H11080369,8196149313,SITE
SITE00020,Ltc Site 20,LTC,ORG0020,IDN000,GPO0,False,,220 PRACTICE AVE,SYNTH CITY,CO,90140,RR9984162,H46922705,7538374050,SITE
SITE00021,Mail Site 21,MAIL,ORG0021,IDN001,GPO1,False,,221 PRACTICE AVE,SYNTH CITY,TX,90147,AR6346224,H27183513,7215134561,SITE
SITE00022,Specialty Site 22,SPECIALTY,ORG0022,IDN002,GPO2,False,,222 PRACTICE AVE,SYNTH CITY,FL,90154,MP0300258,H76718804,8489403245,SITE
SITE00023,Covered Entity 340B Site 23,COVERED_ENTITY_340B,ORG0023,IDN003,GPO3,True,,223 PRACTICE AVE,SYNTH CITY,GA,90161,MG1360280,H42145101,6813332056,SITE
SITE00024,Retail Chain Site 24,RETAIL_CHAIN,ORG0024,IDN004,GPO4,False,,224 PRACTICE AVE,SYNTH CITY,NY,90168,FF2964288,H09607101,4641189715,SITE
SITE00025,Independent Site 25,INDEPENDENT,ORG0025,IDN005,GPO0,False,,225 PRACTICE AVE,SYNTH CITY,NJ,90175,PM5194024,H03490598,9189345421,SITE
SITE00026,Hospital Site 26,HOSPITAL,ORG0026,IDN006,GPO1,False,194.0,226 PRACTICE AVE,SYNTH CITY,MA,90182,RF8375416,H32191780,5536444867,SITE
SITE00027,Clinic Site 27,CLINIC,ORG0027,IDN007,GPO2,False,,227 PRACTICE AVE,SYNTH CITY,PA,90189,FR8973732,H49534263,5339303500,SITE
SITE00028,Ltc Site 28,LTC,ORG0028,IDN008,GPO3,False,,228 PRACTICE AVE,SYNTH CITY,IL,90196,FB5793827,H57752589,9151690697,SITE
SITE00029,Mail Site 29,MAIL,ORG0029,IDN009,GPO4,False,,229 PRACTICE AVE,SYNTH CITY,OH,90203,PF1995906,H09695003,7182424409,SITE
SITE00030,Specialty Site 30,SPECIALTY,ORG0030,IDN000,GPO0,False,,230 PRACTICE AVE,SYNTH CITY,MI,90210,GP9388938,H50261471,4252909781,SITE
SITE00031,Covered Entity 340B Site 31,COVERED_ENTITY_340B,ORG0031,IDN001,GPO1,True,,231 PRACTICE AVE,SYNTH CITY,MN,90217,PB9598531,H13854256,9769493146,SITE
SITE00032,Retail Chain Site 32,RETAIL_CHAIN,ORG0032,IDN002,GPO2,False,,232 PRACTICE AVE,SYNTH CITY,CA,90224,AA8728027,H37800955,4465166138,SITE
SITE00033,Independent Site 33,INDEPENDENT,ORG0033,IDN003,GPO3,False,,233 PRACTICE AVE,SYNTH CITY,OR,90231,PM1054959,H24151431,0591428491,SITE
SITE00034,Hospital Site 34,HOSPITAL,ORG0034,IDN004,GPO4,False,49.0,234 PRACTICE AVE,SYNTH CITY,WA,90238,AM6988634,H14302539,4960275350,SITE
SITE00035,Clinic Site 35,CLINIC,ORG0035,IDN005,GPO0,False,,235 PRACTICE AVE,SYNTH CITY,AZ,90245,RF0397891,H20089175,0985737499,SITE
SITE00036,Ltc Site 36,LTC,ORG0036,IDN006,GPO1,False,,236 PRACTICE AVE,SYNTH CITY,CO,90252,AB9237152,H19106817,5819683967,SITE
SITE00037,Mail Site 37,MAIL,ORG0037,IDN007,GPO2,False,,237 PRACTICE AVE,SYNTH CITY,TX,90259,AR7353598,H29477444,8323131077,SITE
SITE00038,Specialty Site 38,SPECIALTY,ORG0038,IDN008,GPO3,False,,238 PRACTICE AVE,SYNTH CITY,FL,90266,AG7741986,H00318229,8235698908,SITE
SITE00039,Covered Entity 340B Site 39,COVERED_ENTITY_340B,ORG0039,IDN009,GPO4,True,,239 PRACTICE AVE,SYNTH CITY,GA,90273,BG0319011,H15392566,7258866863,SITE
SITE00040,Retail Chain Site 40,RETAIL_CHAIN,ORG0040,IDN000,GPO0,False,,240 PRACTICE AVE,SYNTH CITY,NY,90280,RA3104244,H69833715,4163161613,SITE
SITE00041,Independent Site 41,INDEPENDENT,ORG0041,IDN001,GPO1,False,,241 PRACTICE AVE,SYNTH CITY,NJ,90287,GP2779179,H71815455,0594290450,SITE
SITE00042,Hospital Site 42,HOSPITAL,ORG0042,IDN002,GPO2,False,95.0,242 PRACTICE AVE,SYNTH CITY,MA,90294,RF9075227,H66059044,8247088767,SITE
SITE00043,Clinic Site 43,CLINIC,ORG0043,IDN003,GPO3,False,,243 PRACTICE AVE,SYNTH CITY,PA,90301,PP9446187,H63346769,9735468354,SITE
SITE00044,Ltc Site 44,LTC,ORG0044,IDN004,GPO4,False,,244 PRACTICE AVE,SYNTH CITY,IL,90308,AP4452573,H13136172,8725109812,SITE
SITE00045,Mail Site 45,MAIL,ORG0045,IDN005,GPO0,False,,245 PRACTICE AVE,SYNTH CITY,OH,90315,BB3235187,H71781737,4813223318,SITE
SITE00046,Specialty Site 46,SPECIALTY,ORG0046,IDN006,GPO1,False,,246 PRACTICE AVE,SYNTH CITY,MI,90322,MG8710442,H75718244,8223311241,SITE
SITE00047,Covered Entity 340B Site 47,COVERED_ENTITY_340B,ORG0047,IDN007,GPO2,True,,247 PRACTICE AVE,SYNTH CITY,MN,90329,FF7297131,H23104738,3925709347,SITE
SITE00048,Retail Chain Site 48,RETAIL_CHAIN,ORG0048,IDN008,GPO3,False,,248 PRACTICE AVE,SYNTH CITY,CA,90336,MM0869464,H88957347,0705444442,SITE
SITE00049,Independent Site 49,INDEPENDENT,ORG0049,IDN009,GPO4,False,,249 PRACTICE AVE,SYNTH CITY,OR,90343,GG7568917,H21708796,8181314724,SITE
SITE00050,Hospital Site 50,HOSPITAL,ORG0000,IDN000,GPO0,False,164.0,250 PRACTICE AVE,SYNTH CITY,WA,90350,MM9439562,H21217069,7408066174,SITE
SITE00051,Clinic Site 51,CLINIC,ORG0001,IDN001,GPO1,False,,251 PRACTICE AVE,SYNTH CITY,AZ,90357,BB8929971,H26984292,3952049468,SITE
SITE00052,Ltc Site 52,LTC,ORG0002,IDN002,GPO2,False,,252 PRACTICE AVE,SYNTH CITY,CO,90364,BP7675378,H82605539,8022857873,SITE
SITE00053,Mail Site 53,MAIL,ORG0003,IDN003,GPO3,False,,253 PRACTICE AVE,SYNTH CITY,TX,90371,AA3371321,H11544478,5676191468,SITE
SITE00054,Specialty Site 54,SPECIALTY,ORG0004,IDN004,GPO4,False,,254 PRACTICE AVE,SYNTH CITY,FL,90378,FB9029707,H90441211,4422172955,SITE
SITE00055,Covered Entity 340B Site 55,COVERED_ENTITY_340B,ORG0005,IDN005,GPO0,True,,255 PRACTICE AVE,SYNTH CITY,GA,90385,PM2621221,H09549248,6320017646,SITE
SITE00056,Retail Chain Site 56,RETAIL_CHAIN,ORG0006,IDN006,GPO1,False,,256 PRACTICE AVE,SYNTH CITY,NY,90392,PB2396828,H02508853,0657611717,SITE
SITE00057,Independent Site 57,INDEPENDENT,ORG0007,IDN007,GPO2,False,,257 PRACTICE AVE,SYNTH CITY,NJ,90399,RA7940815,H97081762,4192356556,SITE
SITE00058,Hospital Site 58,HOSPITAL,ORG0008,IDN008,GPO3,False,116.0,258 PRACTICE AVE,SYNTH CITY,MA,90406,RF8799727,H72625713,7490789196,SITE
SITE00059,Clinic Site 59,CLINIC,ORG0009,IDN009,GPO4,False,,259 PRACTICE AVE,SYNTH CITY,PA,90413,FF3664092,H05468025,7636948730,SITE
SITE00060,Ltc Site 60,LTC,ORG0010,IDN000,GPO0,False,,260 PRACTICE AVE,SYNTH CITY,IL,90420,BP2326269,H89042973,5644043882,SITE
SITE00061,Mail Site 61,MAIL,ORG0011,IDN001,GPO1,False,,261 PRACTICE AVE,SYNTH CITY,OH,90427,PA8349803,H75258277,8225547727,SITE
SITE00062,Specialty Site 62,SPECIALTY,ORG0012,IDN002,GPO2,False,,262 PRACTICE AVE,SYNTH CITY,MI,90434,PB4039471,H63795141,4063208886,SITE
SITE00063,Covered Entity 340B Site 63,COVERED_ENTITY_340B,ORG0013,IDN003,GPO3,True,,263 PRACTICE AVE,SYNTH CITY,MN,90441,AF9511291,H96983812,2101130096,SITE
SITE00064,Retail Chain Site 64,RETAIL_CHAIN,ORG0014,IDN004,GPO4,False,,264 PRACTICE AVE,SYNTH CITY,CA,90448,AA0158750,H70648364,5974473147,SITE
SITE00065,Independent Site 65,INDEPENDENT,ORG0015,IDN005,GPO0,False,,265 PRACTICE AVE,SYNTH CITY,OR,90455,AB4772417,H27863966,8808723729,SITE
SITE00066,Hospital Site 66,HOSPITAL,ORG0016,IDN006,GPO1,False,90.0,266 PRACTICE AVE,SYNTH CITY,WA,90462,MM9129522,H35264616,9136665665,SITE
SITE00067,Clinic Site 67,CLINIC,ORG0017,IDN007,GPO2,False,,267 PRACTICE AVE,SYNTH CITY,AZ,90469,AP4044092,H34877288,4507945408,SITE
SITE00068,Ltc Site 68,LTC,ORG0018,IDN008,GPO3,False,,268 PRACTICE AVE,SYNTH CITY,CO,90476,MP9949566,H97104564,5934549952,SITE
SITE00069,Mail Site 69,MAIL,ORG0019,IDN009,GPO4,False,,269 PRACTICE AVE,SYNTH CITY,TX,90483,GM1421050,H64375770,2591199148,SITE
SITE00070,Specialty Site 70,SPECIALTY,ORG0020,IDN000,GPO0,False,,270 PRACTICE AVE,SYNTH CITY,FL,90490,MB3363427,H12299517,4839827233,SITE
SITE00071,Covered Entity 340B Site 71,COVERED_ENTITY_340B,ORG0021,IDN001,GPO1,True,,271 PRACTICE AVE,SYNTH CITY,GA,90497,BM2657909,H15367849,3235682390,SITE
SITE00072,Retail Chain Site 72,RETAIL_CHAIN,ORG0022,IDN002,GPO2,False,,272 PRACTICE AVE,SYNTH CITY,NY,90504,GB9499957,H92036505,1556446783,SITE
SITE00073,Independent Site 73,INDEPENDENT,ORG0023,IDN003,GPO3,False,,273 PRACTICE AVE,SYNTH CITY,NJ,90511,FF3514158,H94021795,1093112682,SITE
SITE00074,Hospital Site 74,HOSPITAL,ORG0024,IDN004,GPO4,False,55.0,274 PRACTICE AVE,SYNTH CITY,MA,90518,MA0095800,H81156246,4304868100,SITE
SITE00075,Clinic Site 75,CLINIC,ORG0025,IDN005,GPO0,False,,275 PRACTICE AVE,SYNTH CITY,PA,90525,GB5935618,H28617159,9845394730,SITE
SITE00076,Ltc Site 76,LTC,ORG0026,IDN006,GPO1,False,,276 PRACTICE AVE,SYNTH CITY,IL,90532,PB7013473,H03456266,7582701844,SITE
SITE00077,Mail Site 77,MAIL,ORG0027,IDN007,GPO2,False,,277 PRACTICE AVE,SYNTH CITY,OH,90539,MM6210825,H41401185,9426950397,SITE
SITE00078,Specialty Site 78,SPECIALTY,ORG0028,IDN008,GPO3,False,,278 PRACTICE AVE,SYNTH CITY,MI,90546,GR5087791,H92915700,8069644655,SITE
SITE00079,Covered Entity 340B Site 79,COVERED_ENTITY_340B,ORG0029,IDN009,GPO4,True,,279 PRACTICE AVE,SYNTH CITY,MN,90553,GB6770771,H85475539,9170391327,SITE
SITE00080,Retail Chain Site 80,RETAIL_CHAIN,ORG0030,IDN000,GPO0,False,,280 PRACTICE AVE,SYNTH CITY,CA,90560,PG5957029,H86318725,6491206697,SITE
SITE00081,Independent Site 81,INDEPENDENT,ORG0031,IDN001,GPO1,False,,281 PRACTICE AVE,SYNTH CITY,OR,90567,GB4066833,H04477125,3087538047,SITE
SITE00082,Hospital Site 82,HOSPITAL,ORG0032,IDN002,GPO2,False,160.0,282 PRACTICE AVE,SYNTH CITY,WA,90574,RB6113864,H21211610,5241246458,SITE
SITE00083,Clinic Site 83,CLINIC,ORG0033,IDN003,GPO3,False,,283 PRACTICE AVE,SYNTH CITY,AZ,90581,GB2406633,H36714042,3433780384,SITE
SITE00084,Ltc Site 84,LTC,ORG0034,IDN004,GPO4,False,,284 PRACTICE AVE,SYNTH CITY,CO,90588,GB5106573,H84710789,3096279278,SITE
SITE00085,Mail Site 85,MAIL,ORG0035,IDN005,GPO0,False,,285 PRACTICE AVE,SYNTH CITY,TX,90595,PG6299970,H34955173,0910041850,SITE
SITE00086,Specialty Site 86,SPECIALTY,ORG0036,IDN006,GPO1,False,,286 PRACTICE AVE,SYNTH CITY,FL,90602,FA4192401,H20799275,0054097593,SITE
SITE00087,Covered Entity 340B Site 87,COVERED_ENTITY_340B,ORG0037,IDN007,GPO2,True,,287 PRACTICE AVE,SYNTH CITY,GA,90609,RR2857814,H12488335,9921731045,SITE
SITE00088,Retail Chain Site 88,RETAIL_CHAIN,ORG0038,IDN008,GPO3,False,,288 PRACTICE AVE,SYNTH CITY,NY,90616,FG2764156,H32534337,4463180529,SITE
SITE00089,Independent Site 89,INDEPENDENT,ORG0039,IDN009,GPO4,False,,289 PRACTICE AVE,SYNTH CITY,NJ,90623,BA9437054,H51926731,2899261749,SITE
SITE00090,Hospital Site 90,HOSPITAL,ORG0040,IDN000,GPO0,False,142.0,290 PRACTICE AVE,SYNTH CITY,MA,90630,MR4351158,H57146300,9622091723,SITE
SITE00091,Clinic Site 91,CLINIC,ORG0041,IDN001,GPO1,False,,291 PRACTICE AVE,SYNTH CITY,PA,90637,FB8032219,H34393333,0602227593,SITE
SITE00092,Ltc Site 92,LTC,ORG0042,IDN002,GPO2,False,,292 PRACTICE AVE,SYNTH CITY,IL,90644,FR0575930,H70778481,4177873096,SITE
SITE00093,Mail Site 93,MAIL,ORG0043,IDN003,GPO3,False,,293 PRACTICE AVE,SYNTH CITY,OH,90651,GA9947002,H61067778,6583072940,SITE
SITE00094,Specialty Site 94,SPECIALTY,ORG0044,IDN004,GPO4,False,,294 PRACTICE AVE,SYNTH CITY,MI,90658,PA6442938,H40812889,4737504421,SITE
SITE00095,Covered Entity 340B Site 95,COVERED_ENTITY_340B,ORG0045,IDN005,GPO0,True,,295 PRACTICE AVE,SYNTH CITY,MN,90665,FG0173655,H44892690,7495811953,SITE
SITE00096,Retail Chain Site 96,RETAIL_CHAIN,ORG0046,IDN006,GPO1,False,,296 PRACTICE AVE,SYNTH CITY,CA,90672,GB2835321,H99135372,0351800558,SITE
SITE00097,Independent Site 97,INDEPENDENT,ORG0047,IDN007,GPO2,False,,297 PRACTICE AVE,SYNTH CITY,OR,90679,FB0631392,H82123153,7444171798,SITE
SITE00098,Hospital Site 98,HOSPITAL,ORG0048,IDN008,GPO3,False,152.0,298 PRACTICE AVE,SYNTH CITY,WA,90686,GF8247990,H81596933,3364743153,SITE
SITE00099,Clinic Site 99,CLINIC,ORG0049,IDN009,GPO4,False,,299 PRACTICE AVE,SYNTH CITY,AZ,90693,RR2476050,H16135640,7987484186,SITE
SITE00100,Ltc Site 100,LTC,ORG0000,IDN000,GPO0,False,,300 PRACTICE AVE,SYNTH CITY,CO,90700,FR3854280,H43526311,6236332360,SITE
SITE00101,Mail Site 101,MAIL,ORG0001,IDN001,GPO1,False,,301 PRACTICE AVE,SYNTH CITY,TX,90707,GR7032529,H25199730,7496598401,SITE
SITE00102,Specialty Site 102,SPECIALTY,ORG0002,IDN002,GPO2,False,,302 PRACTICE AVE,SYNTH CITY,FL,90714,AG5017705,H07885696,4758580003,SITE
SITE00103,Covered Entity 340B Site 103,COVERED_ENTITY_340B,ORG0003,IDN003,GPO3,True,,303 PRACTICE AVE,SYNTH CITY,GA,90721,GM2187644,H01837732,6048770120,SITE
SITE00104,Retail Chain Site 104,RETAIL_CHAIN,ORG0004,IDN004,GPO4,False,,304 PRACTICE AVE,SYNTH CITY,NY,90728,FB9175623,H62600760,8097993728,SITE
SITE00105,Independent Site 105,INDEPENDENT,ORG0005,IDN005,GPO0,False,,305 PRACTICE AVE,SYNTH CITY,NJ,90735,GB4840375,H54256869,8033017319,SITE
SITE00106,Hospital Site 106,HOSPITAL,ORG0006,IDN006,GPO1,False,57.0,306 PRACTICE AVE,SYNTH CITY,MA,90742,BB1784698,H09004702,2393211158,SITE
SITE00107,Clinic Site 107,CLINIC,ORG0007,IDN007,GPO2,False,,307 PRACTICE AVE,SYNTH CITY,PA,90749,FG8513383,H17406288,3556031607,SITE
SITE00108,Ltc Site 108,LTC,ORG0008,IDN008,GPO3,False,,308 PRACTICE AVE,SYNTH CITY,IL,90756,GP9207009,H87800308,0587245743,SITE
SITE00109,Mail Site 109,MAIL,ORG0009,IDN009,GPO4,False,,309 PRACTICE AVE,SYNTH CITY,OH,90763,BP8405894,H15890240,8169672846,SITE
SITE00110,Specialty Site 110,SPECIALTY,ORG0010,IDN000,GPO0,False,,310 PRACTICE AVE,SYNTH CITY,MI,90770,AF3524436,H37283018,8265146984,SITE
SITE00111,Covered Entity 340B Site 111,COVERED_ENTITY_340B,ORG0011,IDN001,GPO1,True,,311 PRACTICE AVE,SYNTH CITY,MN,90777,AB4150102,H71920371,0853783500,SITE
SITE00112,Retail Chain Site 112,RETAIL_CHAIN,ORG0012,IDN002,GPO2,False,,312 PRACTICE AVE,SYNTH CITY,CA,90784,FM1992315,H13565276,7483822558,SITE
SITE00113,Independent Site 113,INDEPENDENT,ORG0013,IDN003,GPO3,False,,313 PRACTICE AVE,SYNTH CITY,OR,90791,PF8359569,H94415943,1329510899,SITE
SITE00114,Hospital Site 114,HOSPITAL,ORG0014,IDN004,GPO4,False,152.0,314 PRACTICE AVE,SYNTH CITY,WA,90798,AA1778019,H97100686,2708878543,SITE
SITE00115,Clinic Site 115,CLINIC,ORG0015,IDN005,GPO0,False,,315 PRACTICE AVE,SYNTH CITY,AZ,90805,FR6190516,H44673941,0265348504,SITE
SITE00116,Ltc Site 116,LTC,ORG0016,IDN006,GPO1,False,,316 PRACTICE AVE,SYNTH CITY,CO,90812,AG4857536,H67162776,9506711289,SITE
SITE00117,Mail Site 117,MAIL,ORG0017,IDN007,GPO2,False,,317 PRACTICE AVE,SYNTH CITY,TX,90819,GR8563035,H12078835,9523748801,SITE
SITE00118,Specialty Site 118,SPECIALTY,ORG0018,IDN008,GPO3,False,,318 PRACTICE AVE,SYNTH CITY,FL,90826,PF5233071,H31139935,9291230883,SITE
SITE00119,Covered Entity 340B Site 119,COVERED_ENTITY_340B,ORG0019,IDN009,GPO4,True,,319 PRACTICE AVE,SYNTH CITY,GA,90833,FP7885196,H99141099,9865956277,SITE
SITE00120,Retail Chain Site 120,RETAIL_CHAIN,ORG0020,IDN000,GPO0,False,,320 PRACTICE AVE,SYNTH CITY,NY,90840,PM4106679,H48728059,6905768464,SITE
SITE00121,Independent Site 121,INDEPENDENT,ORG0021,IDN001,GPO1,False,,321 PRACTICE AVE,SYNTH CITY,NJ,90847,FR1207238,H31029592,3135837623,SITE
SITE00122,Hospital Site 122,HOSPITAL,ORG0022,IDN002,GPO2,False,182.0,322 PRACTICE AVE,SYNTH CITY,MA,90854,GB9909982,H65666565,0099517134,SITE
SITE00123,Clinic Site 123,CLINIC,ORG0023,IDN003,GPO3,False,,323 PRACTICE AVE,SYNTH CITY,PA,90861,FA8535045,H38215830,9416392550,SITE
SITE00124,Ltc Site 124,LTC,ORG0024,IDN004,GPO4,False,,324 PRACTICE AVE,SYNTH CITY,IL,90868,BG1679325,H69022248,0866617257,SITE
SITE00125,Mail Site 125,MAIL,ORG0025,IDN005,GPO0,False,,325 PRACTICE AVE,SYNTH CITY,OH,90875,MM3340704,H60930656,7483516267,SITE
SITE00126,Specialty Site 126,SPECIALTY,ORG0026,IDN006,GPO1,False,,326 PRACTICE AVE,SYNTH CITY,MI,90882,PR9119302,H83071306,4832124042,SITE
SITE00127,Covered Entity 340B Site 127,COVERED_ENTITY_340B,ORG0027,IDN007,GPO2,True,,327 PRACTICE AVE,SYNTH CITY,MN,90889,PP6876818,H27940349,9594486547,SITE
SITE00128,Retail Chain Site 128,RETAIL_CHAIN,ORG0028,IDN008,GPO3,False,,328 PRACTICE AVE,SYNTH CITY,CA,90896,MP4011468,H27603389,8543702145,SITE
SITE00129,Independent Site 129,INDEPENDENT,ORG0029,IDN009,GPO4,False,,329 PRACTICE AVE,SYNTH CITY,OR,90903,FB3858993,H89932599,5147533025,SITE
SITE00130,Hospital Site 130,HOSPITAL,ORG0030,IDN000,GPO0,False,133.0,330 PRACTICE AVE,SYNTH CITY,WA,90910,BR0548856,H65142462,2831778792,SITE
SITE00131,Clinic Site 131,CLINIC,ORG0031,IDN001,GPO1,False,,331 PRACTICE AVE,SYNTH CITY,AZ,90917,MF8228837,H97061809,1428370492,SITE
SITE00132,Ltc Site 132,LTC,ORG0032,IDN002,GPO2,False,,332 PRACTICE AVE,SYNTH CITY,CO,90924,RB3455172,H38639352,1458386079,SITE
SITE00133,Mail Site 133,MAIL,ORG0033,IDN003,GPO3,False,,333 PRACTICE AVE,SYNTH CITY,TX,90931,MF4365423,H44352514,7867036858,SITE
SITE00134,Specialty Site 134,SPECIALTY,ORG0034,IDN004,GPO4,False,,334 PRACTICE AVE,SYNTH CITY,FL,90938,PB1056277,H32761245,1933082947,SITE
SITE00135,Covered Entity 340B Site 135,COVERED_ENTITY_340B,ORG0035,IDN005,GPO0,True,,335 PRACTICE AVE,SYNTH CITY,GA,90945,RB1885093,H98866503,7857045836,SITE
SITE00136,Retail Chain Site 136,RETAIL_CHAIN,ORG0036,IDN006,GPO1,False,,336 PRACTICE AVE,SYNTH CITY,NY,90952,BF1568902,H32810892,3559404553,SITE
SITE00137,Independent Site 137,INDEPENDENT,ORG0037,IDN007,GPO2,False,,337 PRACTICE AVE,SYNTH CITY,NJ,90959,GR8236441,H27873113,5880721506,SITE
SITE00138,Hospital Site 138,HOSPITAL,ORG0038,IDN008,GPO3,False,66.0,338 PRACTICE AVE,SYNTH CITY,MA,90966,GB5471052,H70590385,1278347129,SITE
SITE00139,Clinic Site 139,CLINIC,ORG0039,IDN009,GPO4,False,,339 PRACTICE AVE,SYNTH CITY,PA,90973,PB7490920,H75810584,7985656553,SITE
SITE00140,Ltc Site 140,LTC,ORG0040,IDN000,GPO0,False,,340 PRACTICE AVE,SYNTH CITY,IL,90980,GM7961530,H05954060,8892127282,SITE
SITE00141,Mail Site 141,MAIL,ORG0041,IDN001,GPO1,False,,341 PRACTICE AVE,SYNTH CITY,OH,90987,BA2763665,H51251417,1062332766,SITE
SITE00142,Specialty Site 142,SPECIALTY,ORG0042,IDN002,GPO2,False,,342 PRACTICE AVE,SYNTH CITY,MI,90994,BM7559435,H87047298,8055683568,SITE
SITE00143,Covered Entity 340B Site 143,COVERED_ENTITY_340B,ORG0043,IDN003,GPO3,True,,343 PRACTICE AVE,SYNTH CITY,MN,91001,PP3904604,H56122635,7719100282,SITE
SITE00144,Retail Chain Site 144,RETAIL_CHAIN,ORG0044,IDN004,GPO4,False,,344 PRACTICE AVE,SYNTH CITY,CA,91008,BM4040455,H27524197,2666089992,SITE
SITE00145,Independent Site 145,INDEPENDENT,ORG0045,IDN005,GPO0,False,,345 PRACTICE AVE,SYNTH CITY,OR,91015,RP0422885,H71284542,8763696423,SITE
SITE00146,Hospital Site 146,HOSPITAL,ORG0046,IDN006,GPO1,False,104.0,346 PRACTICE AVE,SYNTH CITY,WA,91022,FM0173454,H72723582,5007736320,SITE
SITE00147,Clinic Site 147,CLINIC,ORG0047,IDN007,GPO2,False,,347 PRACTICE AVE,SYNTH CITY,AZ,91029,GF8435729,H46941704,9465235148,SITE
SITE00148,Ltc Site 148,LTC,ORG0048,IDN008,GPO3,False,,348 PRACTICE AVE,SYNTH CITY,CO,91036,FP1846529,H20768400,4291821211,SITE
SITE00149,Mail Site 149,MAIL,ORG0049,IDN009,GPO4,False,,349 PRACTICE AVE,SYNTH CITY,TX,91043,FF5501110,H35334532,4049317116,SITE
SITE00150,Specialty Site 150,SPECIALTY,ORG0000,IDN000,GPO0,False,,350 PRACTICE AVE,SYNTH CITY,FL,91050,BR9566659,H70394286,5413493144,SITE
SITE00151,Covered Entity 340B Site 151,COVERED_ENTITY_340B,ORG0001,IDN001,GPO1,True,,351 PRACTICE AVE,SYNTH CITY,GA,91057,RG3662950,H49356781,5516143182,SITE
SITE00152,Retail Chain Site 152,RETAIL_CHAIN,ORG0002,IDN002,GPO2,False,,352 PRACTICE AVE,SYNTH CITY,NY,91064,BB8802779,H50811660,1526454339,SITE
SITE00153,Independent Site 153,INDEPENDENT,ORG0003,IDN003,GPO3,False,,353 PRACTICE AVE,SYNTH CITY,NJ,91071,MG5529578,H96747370,9260198210,SITE
SITE00154,Hospital Site 154,HOSPITAL,ORG0004,IDN004,GPO4,False,162.0,354 PRACTICE AVE,SYNTH CITY,MA,91078,RB6274135,H70968910,7114975130,SITE
SITE00155,Clinic Site 155,CLINIC,ORG0005,IDN005,GPO0,False,,355 PRACTICE AVE,SYNTH CITY,PA,91085,MB5032691,H76991751,2953382159,SITE
SITE00156,Ltc Site 156,LTC,ORG0006,IDN006,GPO1,False,,356 PRACTICE AVE,SYNTH CITY,IL,91092,RB2416212,H99548166,7276816825,SITE
SITE00157,Mail Site 157,MAIL,ORG0007,IDN007,GPO2,False,,357 PRACTICE AVE,SYNTH CITY,OH,91099,PA7610724,H09591266,7981395859,SITE
SITE00158,Specialty Site 158,SPECIALTY,ORG0008,IDN008,GPO3,False,,358 PRACTICE AVE,SYNTH CITY,MI,91106,AG8612897,H06865422,7003765519,SITE
SITE00159,Covered Entity 340B Site 159,COVERED_ENTITY_340B,ORG0009,IDN009,GPO4,True,,359 PRACTICE AVE,SYNTH CITY,MN,91113,FA7722384,H74652877,9205342337,SITE
SITE00160,Retail Chain Site 160,RETAIL_CHAIN,ORG0010,IDN000,GPO0,False,,360 PRACTICE AVE,SYNTH CITY,CA,91120,FP5415134,H13288066,3473032324,SITE
SITE00161,Independent Site 161,INDEPENDENT,ORG0011,IDN001,GPO1,False,,361 PRACTICE AVE,SYNTH CITY,OR,91127,BR1776903,H15683296,7443729141,SITE
SITE00162,Hospital Site 162,HOSPITAL,ORG0012,IDN002,GPO2,False,62.0,362 PRACTICE AVE,SYNTH CITY,WA,91134,MM9722840,H86076684,4611825223,SITE
SITE00163,Clinic Site 163,CLINIC,ORG0013,IDN003,GPO3,False,,363 PRACTICE AVE,SYNTH CITY,AZ,91141,MP4121833,H04946117,0430590857,SITE
SITE00164,Ltc Site 164,LTC,ORG0014,IDN004,GPO4,False,,364 PRACTICE AVE,SYNTH CITY,CO,91148,PA8096306,H06722221,2637875396,SITE
SITE00165,Mail Site 165,MAIL,ORG0015,IDN005,GPO0,False,,365 PRACTICE AVE,SYNTH CITY,TX,91155,BG4757938,H19183914,9020336217,SITE
SITE00166,Specialty Site 166,SPECIALTY,ORG0016,IDN006,GPO1,False,,366 PRACTICE AVE,SYNTH CITY,FL,91162,BR9210977,H26065376,4109236230,SITE
SITE00167,Covered Entity 340B Site 167,COVERED_ENTITY_340B,ORG0017,IDN007,GPO2,True,,367 PRACTICE AVE,SYNTH CITY,GA,91169,MM6044611,H76829261,9383740161,SITE
SITE00168,Retail Chain Site 168,RETAIL_CHAIN,ORG0018,IDN008,GPO3,False,,368 PRACTICE AVE,SYNTH CITY,NY,91176,BB5216679,H14295060,2757585007,SITE
SITE00169,Independent Site 169,INDEPENDENT,ORG0019,IDN009,GPO4,False,,369 PRACTICE AVE,SYNTH CITY,NJ,91183,PA3035149,H00284607,0718213016,SITE
SITE00170,Hospital Site 170,HOSPITAL,ORG0020,IDN000,GPO0,False,119.0,370 PRACTICE AVE,SYNTH CITY,MA,91190,FF8131430,H08079437,9199107068,SITE
SITE00171,Clinic Site 171,CLINIC,ORG0021,IDN001,GPO1,False,,371 PRACTICE AVE,SYNTH CITY,PA,91197,AM2001508,H62966175,9463018736,SITE
SITE00172,Ltc Site 172,LTC,ORG0022,IDN002,GPO2,False,,372 PRACTICE AVE,SYNTH CITY,IL,91204,MA0569728,H48100909,7181152217,SITE
SITE00173,Mail Site 173,MAIL,ORG0023,IDN003,GPO3,False,,373 PRACTICE AVE,SYNTH CITY,OH,91211,MA2546267,H32550515,9573989768,SITE
SITE00174,Specialty Site 174,SPECIALTY,ORG0024,IDN004,GPO4,False,,374 PRACTICE AVE,SYNTH CITY,MI,91218,GR8400202,H19063179,7956187232,SITE
SITE00175,Covered Entity 340B Site 175,COVERED_ENTITY_340B,ORG0025,IDN005,GPO0,True,,375 PRACTICE AVE,SYNTH CITY,MN,91225,MA8203825,H80726117,8964126345,SITE
SITE00176,Retail Chain Site 176,RETAIL_CHAIN,ORG0026,IDN006,GPO1,False,,376 PRACTICE AVE,SYNTH CITY,CA,91232,BG2115305,H10149222,3736895798,SITE
SITE00177,Independent Site 177,INDEPENDENT,ORG0027,IDN007,GPO2,False,,377 PRACTICE AVE,SYNTH CITY,OR,91239,PF1185232,H86834195,5429460285,SITE
SITE00178,Hospital Site 178,HOSPITAL,ORG0028,IDN008,GPO3,False,17.0,378 PRACTICE AVE,SYNTH CITY,WA,91246,AP3251000,H16200483,0241973938,SITE
SITE00179,Clinic Site 179,CLINIC,ORG0029,IDN009,GPO4,False,,379 PRACTICE AVE,SYNTH CITY,AZ,91253,AR9351667,H57581445,1391664004,SITE
SITE00180,Ltc Site 180,LTC,ORG0030,IDN000,GPO0,False,,380 PRACTICE AVE,SYNTH CITY,CO,91260,BA0118606,H14001443,6775542403,SITE
SITE00181,Mail Site 181,MAIL,ORG0031,IDN001,GPO1,False,,381 PRACTICE AVE,SYNTH CITY,TX,91267,RF7948410,H19434289,0730902042,SITE
SITE00182,Specialty Site 182,SPECIALTY,ORG0032,IDN002,GPO2,False,,382 PRACTICE AVE,SYNTH CITY,FL,91274,MF0198955,H76424017,8100733095,SITE
SITE00183,Covered Entity 340B Site 183,COVERED_ENTITY_340B,ORG0033,IDN003,GPO3,True,,383 PRACTICE AVE,SYNTH CITY,GA,91281,GP7185628,H94088552,0942600244,SITE
SITE00184,Retail Chain Site 184,RETAIL_CHAIN,ORG0034,IDN004,GPO4,False,,384 PRACTICE AVE,SYNTH CITY,NY,91288,FB3355882,H95137831,1165468715,SITE
SITE00185,Independent Site 185,INDEPENDENT,ORG0035,IDN005,GPO0,False,,385 PRACTICE AVE,SYNTH CITY,NJ,91295,MR7338051,H80032423,5594561685,SITE
SITE00186,Hospital Site 186,HOSPITAL,ORG0036,IDN006,GPO1,False,63.0,386 PRACTICE AVE,SYNTH CITY,MA,91302,BF2585136,H35636313,4085088019,SITE
SITE00187,Clinic Site 187,CLINIC,ORG0037,IDN007,GPO2,False,,387 PRACTICE AVE,SYNTH CITY,PA,91309,FG7460695,H42902184,9655256953,SITE
SITE00188,Ltc Site 188,LTC,ORG0038,IDN008,GPO3,False,,388 PRACTICE AVE,SYNTH CITY,IL,91316,RR5412813,H62960278,9807106460,SITE
SITE00189,Mail Site 189,MAIL,ORG0039,IDN009,GPO4,False,,389 PRACTICE AVE,SYNTH CITY,OH,91323,PA5845490,H88845328,5717691559,SITE
SITE00190,Specialty Site 190,SPECIALTY,ORG0040,IDN000,GPO0,False,,390 PRACTICE AVE,SYNTH CITY,MI,91330,GA4262460,H77008284,3261431357,SITE
SITE00191,Covered Entity 340B Site 191,COVERED_ENTITY_340B,ORG0041,IDN001,GPO1,True,,391 PRACTICE AVE,SYNTH CITY,MN,91337,MA8869487,H51599427,0159343405,SITE
SITE00192,Retail Chain Site 192,RETAIL_CHAIN,ORG0042,IDN002,GPO2,False,,392 PRACTICE AVE,SYNTH CITY,CA,91344,MM3271008,H31813066,7239806855,SITE
SITE00193,Independent Site 193,INDEPENDENT,ORG0043,IDN003,GPO3,False,,393 PRACTICE AVE,SYNTH CITY,OR,91351,MA0019672,H91900072,4473032777,SITE
SITE00194,Hospital Site 194,HOSPITAL,ORG0044,IDN004,GPO4,False,18.0,394 PRACTICE AVE,SYNTH CITY,WA,91358,PA6334379,H84547544,3564884914,SITE
SITE00195,Clinic Site 195,CLINIC,ORG0045,IDN005,GPO0,False,,395 PRACTICE AVE,SYNTH CITY,AZ,91365,RF5243708,H95561726,3772642591,SITE
SITE00196,Ltc Site 196,LTC,ORG0046,IDN006,GPO1,False,,396 PRACTICE AVE,SYNTH CITY,CO,91372,AR8563158,H27773348,9495306695,SITE
SITE00197,Mail Site 197,MAIL,ORG0047,IDN007,GPO2,False,,397 PRACTICE AVE,SYNTH CITY,TX,91379,PA5744866,H42596719,2949879680,SITE
SITE00198,Specialty Site 198,SPECIALTY,ORG0048,IDN008,GPO3,False,,398 PRACTICE AVE,SYNTH CITY,FL,91386,BA5875568,H81537594,6191389447,SITE
SITE00199,Covered Entity 340B Site 199,COVERED_ENTITY_340B,ORG0049,IDN009,GPO4,True,,399 PRACTICE AVE,SYNTH CITY,GA,91393,AR0040167,H27627581,2338755848,SITE
SITE00200,Retail Chain Site 200,RETAIL_CHAIN,ORG0000,IDN000,GPO0,False,,400 PRACTICE AVE,SYNTH CITY,CA,90000,BA3644499,H11284865,2315220790,SITE
SITE00201,Independent Site 201,INDEPENDENT,ORG0001,IDN001,GPO1,False,,401 PRACTICE AVE,SYNTH CITY,OR,90007,GG9564557,H65098129,3878045822,SITE
SITE00202,Hospital Site 202,HOSPITAL,ORG0002,IDN002,GPO2,False,61.0,402 PRACTICE AVE,SYNTH CITY,WA,90014,BP9123842,H35318427,7100767640,SITE
SITE00203,Clinic Site 203,CLINIC,ORG0003,IDN003,GPO3,False,,403 PRACTICE AVE,SYNTH CITY,AZ,90021,MP3988931,H47732480,3284020492,SITE
SITE00204,Ltc Site 204,LTC,ORG0004,IDN004,GPO4,False,,404 PRACTICE AVE,SYNTH CITY,CO,90028,GR7839246,H22105924,9705122619,SITE
SITE00205,Mail Site 205,MAIL,ORG0005,IDN005,GPO0,False,,405 PRACTICE AVE,SYNTH CITY,TX,90035,BB3633560,H89656433,1832956225,SITE
SITE00206,Specialty Site 206,SPECIALTY,ORG0006,IDN006,GPO1,False,,406 PRACTICE AVE,SYNTH CITY,FL,90042,PG1846357,H82696112,1795574452,SITE
SITE00207,Covered Entity 340B Site 207,COVERED_ENTITY_340B,ORG0007,IDN007,GPO2,True,,407 PRACTICE AVE,SYNTH CITY,GA,90049,FA5802285,H56270186,1406723233,SITE
SITE00208,Retail Chain Site 208,RETAIL_CHAIN,ORG0008,IDN008,GPO3,False,,408 PRACTICE AVE,SYNTH CITY,NY,90056,BB4872929,H35273805,1846850224,SITE
SITE00209,Independent Site 209,INDEPENDENT,ORG0009,IDN009,GPO4,False,,409 PRACTICE AVE,SYNTH CITY,NJ,90063,RR4826322,H43231931,5838672033,SITE
SITE00210,Hospital Site 210,HOSPITAL,ORG0010,IDN000,GPO0,False,184.0,410 PRACTICE AVE,SYNTH CITY,MA,90070,PP8339522,H80070194,7401705331,SITE
SITE00211,Clinic Site 211,CLINIC,ORG0011,IDN001,GPO1,False,,411 PRACTICE AVE,SYNTH CITY,PA,90077,RM6336026,H60752794,2250400472,SITE
SITE00212,Ltc Site 212,LTC,ORG0012,IDN002,GPO2,False,,412 PRACTICE AVE,SYNTH CITY,IL,90084,RA2459650,H01632684,8778179951,SITE
SITE00213,Mail Site 213,MAIL,ORG0013,IDN003,GPO3,False,,413 PRACTICE AVE,SYNTH CITY,OH,90091,PR8883748,H89541655,6814787787,SITE
SITE00214,Specialty Site 214,SPECIALTY,ORG0014,IDN004,GPO4,False,,414 PRACTICE AVE,SYNTH CITY,MI,90098,RM2571759,H29456591,7922479770,SITE
SITE00215,Covered Entity 340B Site 215,COVERED_ENTITY_340B,ORG0015,IDN005,GPO0,True,,415 PRACTICE AVE,SYNTH CITY,MN,90105,GM2410885,H00172288,7352807573,SITE
SITE00216,Retail Chain Site 216,RETAIL_CHAIN,ORG0016,IDN006,GPO1,False,,416 PRACTICE AVE,SYNTH CITY,CA,90112,GB7643342,H22092119,4340328044,SITE
SITE00217,Independent Site 217,INDEPENDENT,ORG0017,IDN007,GPO2,False,,417 PRACTICE AVE,SYNTH CITY,OR,90119,PP5232626,H69394668,4734476086,SITE
SITE00218,Hospital Site 218,HOSPITAL,ORG0018,IDN008,GPO3,False,151.0,418 PRACTICE AVE,SYNTH CITY,WA,90126,AR6048294,H23569195,1936602634,SITE
SITE00219,Clinic Site 219,CLINIC,ORG0019,IDN009,GPO4,False,,419 PRACTICE AVE,SYNTH CITY,AZ,90133,AA8115165,H64764021,0220351205,SITE
SITE00220,Ltc Site 220,LTC,ORG0020,IDN000,GPO0,False,,420 PRACTICE AVE,SYNTH CITY,CO,90140,AB4676692,H79581852,0743394021,SITE
SITE00221,Mail Site 221,MAIL,ORG0021,IDN001,GPO1,False,,421 PRACTICE AVE,SYNTH CITY,TX,90147,BM8867461,H55057352,2138966645,SITE
SITE00222,Specialty Site 222,SPECIALTY,ORG0022,IDN002,GPO2,False,,422 PRACTICE AVE,SYNTH CITY,FL,90154,FM7454220,H47690774,2368656064,SITE
SITE00223,Covered Entity 340B Site 223,COVERED_ENTITY_340B,ORG0023,IDN003,GPO3,True,,423 PRACTICE AVE,SYNTH CITY,GA,90161,AR8537675,H20254529,3834622383,SITE
SITE00224,Retail Chain Site 224,RETAIL_CHAIN,ORG0024,IDN004,GPO4,False,,424 PRACTICE AVE,SYNTH CITY,NY,90168,BG6740048,H08603295,3250216645,SITE
SITE00225,Independent Site 225,INDEPENDENT,ORG0025,IDN005,GPO0,False,,425 PRACTICE AVE,SYNTH CITY,NJ,90175,AF8211815,H96420191,0843759479,SITE
SITE00226,Hospital Site 226,HOSPITAL,ORG0026,IDN006,GPO1,False,175.0,426 PRACTICE AVE,SYNTH CITY,MA,90182,GB9205908,H89425186,4575899677,SITE
SITE00227,Clinic Site 227,CLINIC,ORG0027,IDN007,GPO2,False,,427 PRACTICE AVE,SYNTH CITY,PA,90189,FA4815141,H78772513,5608485566,SITE
SITE00228,Ltc Site 228,LTC,ORG0028,IDN008,GPO3,False,,428 PRACTICE AVE,SYNTH CITY,IL,90196,PB5048823,H53134595,3674428818,SITE
SITE00229,Mail Site 229,MAIL,ORG0029,IDN009,GPO4,False,,429 PRACTICE AVE,SYNTH CITY,OH,90203,FB9023525,H78010965,7525706405,SITE
SITE00230,Specialty Site 230,SPECIALTY,ORG0030,IDN000,GPO0,False,,430 PRACTICE AVE,SYNTH CITY,MI,90210,BG3264470,H30918136,8128327086,SITE
SITE00231,Covered Entity 340B Site 231,COVERED_ENTITY_340B,ORG0031,IDN001,GPO1,True,,431 PRACTICE AVE,SYNTH CITY,MN,90217,RP2143969,H77100529,1961033358,SITE
SITE00232,Retail Chain Site 232,RETAIL_CHAIN,ORG0032,IDN002,GPO2,False,,432 PRACTICE AVE,SYNTH CITY,CA,90224,AA6929330,H44611401,6951957151,SITE
SITE00233,Independent Site 233,INDEPENDENT,ORG0033,IDN003,GPO3,False,,433 PRACTICE AVE,SYNTH CITY,OR,90231,AM2906164,H96305405,2203204211,SITE
SITE00234,Hospital Site 234,HOSPITAL,ORG0034,IDN004,GPO4,False,93.0,434 PRACTICE AVE,SYNTH CITY,WA,90238,AR4989547,H08302206,0847311673,SITE
SITE00235,Clinic Site 235,CLINIC,ORG0035,IDN005,GPO0,False,,435 PRACTICE AVE,SYNTH CITY,AZ,90245,BF9842355,H10471412,6229119501,SITE
SITE00236,Ltc Site 236,LTC,ORG0036,IDN006,GPO1,False,,436 PRACTICE AVE,SYNTH CITY,CO,90252,FG2562849,H03782914,3497729467,SITE
SITE00237,Mail Site 237,MAIL,ORG0037,IDN007,GPO2,False,,437 PRACTICE AVE,SYNTH CITY,TX,90259,MM6469351,H37625810,3638853085,SITE
SITE00238,Specialty Site 238,SPECIALTY,ORG0038,IDN008,GPO3,False,,438 PRACTICE AVE,SYNTH CITY,FL,90266,RG5761697,H45262323,3074916156,SITE
SITE00239,Covered Entity 340B Site 239,COVERED_ENTITY_340B,ORG0039,IDN009,GPO4,True,,439 PRACTICE AVE,SYNTH CITY,GA,90273,GG6838123,H91348497,7714521177,SITE
SITE00240,Retail Chain Site 240,RETAIL_CHAIN,ORG0040,IDN000,GPO0,False,,440 PRACTICE AVE,SYNTH CITY,NY,90280,MB7689817,H34664910,0844645016,SITE
SITE00241,Independent Site 241,INDEPENDENT,ORG0041,IDN001,GPO1,False,,441 PRACTICE AVE,SYNTH CITY,NJ,90287,RG1332271,H34589250,6106141776,SITE
SITE00242,Hospital Site 242,HOSPITAL,ORG0042,IDN002,GPO2,False,114.0,442 PRACTICE AVE,SYNTH CITY,MA,90294,PG1122325,H16365942,5645433967,SITE
SITE00243,Clinic Site 243,CLINIC,ORG0043,IDN003,GPO3,False,,443 PRACTICE AVE,SYNTH CITY,PA,90301,AR7075945,H33688765,3732853890,SITE
SITE00244,Ltc Site 244,LTC,ORG0044,IDN004,GPO4,False,,444 PRACTICE AVE,SYNTH CITY,IL,90308,FG4795758,H43496105,8457596772,SITE
SITE00245,Mail Site 245,MAIL,ORG0045,IDN005,GPO0,False,,445 PRACTICE AVE,SYNTH CITY,OH,90315,MA4151530,H15087717,6305700356,SITE
SITE00246,Specialty Site 246,SPECIALTY,ORG0046,IDN006,GPO1,False,,446 PRACTICE AVE,SYNTH CITY,MI,90322,GF2000674,H04924534,4475004907,SITE
SITE00247,Covered Entity 340B Site 247,COVERED_ENTITY_340B,ORG0047,IDN007,GPO2,True,,447 PRACTICE AVE,SYNTH CITY,MN,90329,AM4226562,H58331602,7094356483,SITE
SITE00248,Retail Chain Site 248,RETAIL_CHAIN,ORG0048,IDN008,GPO3,False,,448 PRACTICE AVE,SYNTH CITY,CA,90336,RB7392277,H15365996,6817718631,SITE
SITE00249,Independent Site 249,INDEPENDENT,ORG0049,IDN009,GPO4,False,,449 PRACTICE AVE,SYNTH CITY,OR,90343,GG9986191,H10942047,9568929597,SITE
SITE00250,Hospital Site 250,HOSPITAL,ORG0000,IDN000,GPO0,False,23.0,450 PRACTICE AVE,SYNTH CITY,WA,90350,AR6181620,H88106079,7216054727,SITE
SITE00251,Clinic Site 251,CLINIC,ORG0001,IDN001,GPO1,False,,451 PRACTICE AVE,SYNTH CITY,AZ,90357,PM2304215,H50106301,9264130730,SITE
SITE00252,Ltc Site 252,LTC,ORG0002,IDN002,GPO2,False,,452 PRACTICE AVE,SYNTH CITY,CO,90364,GB8258768,H19542796,0473770515,SITE
SITE00253,Mail Site 253,MAIL,ORG0003,IDN003,GPO3,False,,453 PRACTICE AVE,SYNTH CITY,TX,90371,GF8845666,H79814455,7424830918,SITE
SITE00254,Specialty Site 254,SPECIALTY,ORG0004,IDN004,GPO4,False,,454 PRACTICE AVE,SYNTH CITY,FL,90378,MP2321114,H50860805,4599259783,SITE
SITE00255,Covered Entity 340B Site 255,COVERED_ENTITY_340B,ORG0005,IDN005,GPO0,True,,455 PRACTICE AVE,SYNTH CITY,GA,90385,GB5896753,H44857075,9441878029,SITE
SITE00256,Retail Chain Site 256,RETAIL_CHAIN,ORG0006,IDN006,GPO1,False,,456 PRACTICE AVE,SYNTH CITY,NY,90392,RA5498825,H79093167,1089199925,SITE
SITE00257,Independent Site 257,INDEPENDENT,ORG0007,IDN007,GPO2,False,,457 PRACTICE AVE,SYNTH CITY,NJ,90399,MR9610201,H07558442,4159526845,SITE
SITE00258,Hospital Site 258,HOSPITAL,ORG0008,IDN008,GPO3,False,50.0,458 PRACTICE AVE,SYNTH CITY,MA,90406,MB9337021,H35137906,0587227824,SITE
SITE00259,Clinic Site 259,CLINIC,ORG0009,IDN009,GPO4,False,,459 PRACTICE AVE,SYNTH CITY,PA,90413,AG6498708,H73589506,6082853006,SITE
SITE00260,Ltc Site 260,LTC,ORG0010,IDN000,GPO0,False,,460 PRACTICE AVE,SYNTH CITY,IL,90420,PF8299169,H30840860,2090755887,SITE
SITE00261,Mail Site 261,MAIL,ORG0011,IDN001,GPO1,False,,461 PRACTICE AVE,SYNTH CITY,OH,90427,AA1650257,H39974875,4851906659,SITE
SITE00262,Specialty Site 262,SPECIALTY,ORG0012,IDN002,GPO2,False,,462 PRACTICE AVE,SYNTH CITY,MI,90434,AG8268953,H64677275,9689975131,SITE
SITE00263,Covered Entity 340B Site 263,COVERED_ENTITY_340B,ORG0013,IDN003,GPO3,True,,463 PRACTICE AVE,SYNTH CITY,MN,90441,GP5417402,H81450195,2147717823,SITE
SITE00264,Retail Chain Site 264,RETAIL_CHAIN,ORG0014,IDN004,GPO4,False,,464 PRACTICE AVE,SYNTH CITY,CA,90448,AR5732224,H18595351,8715521729,SITE
SITE00265,Independent Site 265,INDEPENDENT,ORG0015,IDN005,GPO0,False,,465 PRACTICE AVE,SYNTH CITY,OR,90455,GB6035461,H47318767,7750527492,SITE
SITE00266,Hospital Site 266,HOSPITAL,ORG0016,IDN006,GPO1,False,119.0,466 PRACTICE AVE,SYNTH CITY,WA,90462,GR4338714,H36077216,2979590207,SITE
SITE00267,Clinic Site 267,CLINIC,ORG0017,IDN007,GPO2,False,,467 PRACTICE AVE,SYNTH CITY,AZ,90469,MG2361562,H23523515,1122093895,SITE
SITE00268,Ltc Site 268,LTC,ORG0018,IDN008,GPO3,False,,468 PRACTICE AVE,SYNTH CITY,CO,90476,PP1375058,H83232334,0231869518,SITE
SITE00269,Mail Site 269,MAIL,ORG0019,IDN009,GPO4,False,,469 PRACTICE AVE,SYNTH CITY,TX,90483,RG6344257,H01859668,6352361656,SITE
SITE00270,Specialty Site 270,SPECIALTY,ORG0020,IDN000,GPO0,False,,470 PRACTICE AVE,SYNTH CITY,FL,90490,FA7874643,H32961815,1369982099,SITE
SITE00271,Covered Entity 340B Site 271,COVERED_ENTITY_340B,ORG0021,IDN001,GPO1,True,,471 PRACTICE AVE,SYNTH CITY,GA,90497,RB0600941,H63582684,9448687720,SITE
SITE00272,Retail Chain Site 272,RETAIL_CHAIN,ORG0022,IDN002,GPO2,False,,472 PRACTICE AVE,SYNTH CITY,NY,90504,FR6237117,H27595882,9710203941,SITE
SITE00273,Independent Site 273,INDEPENDENT,ORG0023,IDN003,GPO3,False,,473 PRACTICE AVE,SYNTH CITY,NJ,90511,AG2807406,H47674014,3748137130,SITE
SITE00274,Hospital Site 274,HOSPITAL,ORG0024,IDN004,GPO4,False,150.0,474 PRACTICE AVE,SYNTH CITY,MA,90518,MP5889151,H23648267,9270549790,SITE
SITE00275,Clinic Site 275,CLINIC,ORG0025,IDN005,GPO0,False,,475 PRACTICE AVE,SYNTH CITY,PA,90525,PF7050796,H82956763,6684551008,SITE
SITE00276,Ltc Site 276,LTC,ORG0026,IDN006,GPO1,False,,476 PRACTICE AVE,SYNTH CITY,IL,90532,MF8711390,H10496413,5279221746,SITE
SITE00277,Mail Site 277,MAIL,ORG0027,IDN007,GPO2,False,,477 PRACTICE AVE,SYNTH CITY,OH,90539,BB0462046,H32178757,3037699204,SITE
SITE00278,Specialty Site 278,SPECIALTY,ORG0028,IDN008,GPO3,False,,478 PRACTICE AVE,SYNTH CITY,MI,90546,BR8015697,H20659553,0881734889,SITE
SITE00279,Covered Entity 340B Site 279,COVERED_ENTITY_340B,ORG0029,IDN009,GPO4,True,,479 PRACTICE AVE,SYNTH CITY,MN,90553,BF8908450,H66679879,6657054907,SITE
SITE00280,Retail Chain Site 280,RETAIL_CHAIN,ORG0030,IDN000,GPO0,False,,480 PRACTICE AVE,SYNTH CITY,CA,90560,MB8828497,H02421984,2193034636,SITE
SITE00281,Independent Site 281,INDEPENDENT,ORG0031,IDN001,GPO1,False,,481 PRACTICE AVE,SYNTH CITY,OR,90567,RM9363673,H98827119,1843067483,SITE
SITE00282,Hospital Site 282,HOSPITAL,ORG0032,IDN002,GPO2,False,64.0,482 PRACTICE AVE,SYNTH CITY,WA,90574,GF5145546,H52269769,8516628830,SITE
SITE00283,Clinic Site 283,CLINIC,ORG0033,IDN003,GPO3,False,,483 PRACTICE AVE,SYNTH CITY,AZ,90581,GB1232146,H35276908,3061192522,SITE
SITE00284,Ltc Site 284,LTC,ORG0034,IDN004,GPO4,False,,484 PRACTICE AVE,SYNTH CITY,CO,90588,AA0440325,H96912738,4285841613,SITE
SITE00285,Mail Site 285,MAIL,ORG0035,IDN005,GPO0,False,,485 PRACTICE AVE,SYNTH CITY,TX,90595,MF7848119,H54126894,4104514680,SITE
SITE00286,Specialty Site 286,SPECIALTY,ORG0036,IDN006,GPO1,False,,486 PRACTICE AVE,SYNTH CITY,FL,90602,RF3862614,H39082066,1014170785,SITE
SITE00287,Covered Entity 340B Site 287,COVERED_ENTITY_340B,ORG0037,IDN007,GPO2,True,,487 PRACTICE AVE,SYNTH CITY,GA,90609,PR9037377,H93302244,8770472479,SITE
SITE00288,Retail Chain Site 288,RETAIL_CHAIN,ORG0038,IDN008,GPO3,False,,488 PRACTICE AVE,SYNTH CITY,NY,90616,PP4336441,H42587499,4738321825,SITE
SITE00289,Independent Site 289,INDEPENDENT,ORG0039,IDN009,GPO4,False,,489 PRACTICE AVE,SYNTH CITY,NJ,90623,PA5441034,H74226494,5018345053,SITE
SITE00290,Hospital Site 290,HOSPITAL,ORG0040,IDN000,GPO0,False,69.0,490 PRACTICE AVE,SYNTH CITY,MA,90630,BF4157296,H70737822,0674134917,SITE
SITE00291,Clinic Site 291,CLINIC,ORG0041,IDN001,GPO1,False,,491 PRACTICE AVE,SYNTH CITY,PA,90637,FM2893776,H10312652,0247325026,SITE
SITE00292,Ltc Site 292,LTC,ORG0042,IDN002,GPO2,False,,492 PRACTICE AVE,SYNTH CITY,IL,90644,AG4563891,H91250314,8925446949,SITE
SITE00293,Mail Site 293,MAIL,ORG0043,IDN003,GPO3,False,,493 PRACTICE AVE,SYNTH CITY,OH,90651,AR9358549,H85146256,0572570626,SITE
SITE00294,Specialty Site 294,SPECIALTY,ORG0044,IDN004,GPO4,False,,494 PRACTICE AVE,SYNTH CITY,MI,90658,FM0049070,H44407276,5369992537,SITE
SITE00295,Covered Entity 340B Site 295,COVERED_ENTITY_340B,ORG0045,IDN005,GPO0,True,,495 PRACTICE AVE,SYNTH CITY,MN,90665,RR8137731,H16448072,9953219141,SITE
SITE00296,Retail Chain Site 296,RETAIL_CHAIN,ORG0046,IDN006,GPO1,False,,496 PRACTICE AVE,SYNTH CITY,CA,90672,GM8575412,H40344897,0475444515,SITE
SITE00297,Independent Site 297,INDEPENDENT,ORG0047,IDN007,GPO2,False,,497 PRACTICE AVE,SYNTH CITY,OR,90679,GB6853964,H00227595,9537424639,SITE
SITE00298,Hospital Site 298,HOSPITAL,ORG0048,IDN008,GPO3,False,140.0,498 PRACTICE AVE,SYNTH CITY,WA,90686,RF2481948,H77915020,6671368804,SITE
SITE00299,Clinic Site 299,CLINIC,ORG0049,IDN009,GPO4,False,,499 PRACTICE AVE,SYNTH CITY,AZ,90693,FA8181084,H46264230,3511641771,SITE
SITE00300,Ltc Site 300,LTC,ORG0000,IDN000,GPO0,False,,500 PRACTICE AVE,SYNTH CITY,CO,90700,AB3708318,H01954666,0528518224,SITE
SITE00301,Mail Site 301,MAIL,ORG0001,IDN001,GPO1,False,,501 PRACTICE AVE,SYNTH CITY,TX,90707,RP8691523,H22496345,2562575250,SITE
SITE00302,Specialty Site 302,SPECIALTY,ORG0002,IDN002,GPO2,False,,502 PRACTICE AVE,SYNTH CITY,FL,90714,PB5633835,H19576337,8188116833,SITE
SITE00303,Covered Entity 340B Site 303,COVERED_ENTITY_340B,ORG0003,IDN003,GPO3,True,,503 PRACTICE AVE,SYNTH CITY,GA,90721,MR3292445,H26624029,5687774625,SITE
SITE00304,Retail Chain Site 304,RETAIL_CHAIN,ORG0004,IDN004,GPO4,False,,504 PRACTICE AVE,SYNTH CITY,NY,90728,RB8817953,H85126427,1240399836,SITE
SITE00305,Independent Site 305,INDEPENDENT,ORG0005,IDN005,GPO0,False,,505 PRACTICE AVE,SYNTH CITY,NJ,90735,AP3716591,H49361725,8641382642,SITE
SITE00306,Hospital Site 306,HOSPITAL,ORG0006,IDN006,GPO1,False,64.0,506 PRACTICE AVE,SYNTH CITY,MA,90742,PF2578667,H22466173,8796513835,SITE
SITE00307,Clinic Site 307,CLINIC,ORG0007,IDN007,GPO2,False,,507 PRACTICE AVE,SYNTH CITY,PA,90749,AB5699558,H05478666,5227628968,SITE
SITE00308,Ltc Site 308,LTC,ORG0008,IDN008,GPO3,False,,508 PRACTICE AVE,SYNTH CITY,IL,90756,BR2485203,H67217104,5222300308,SITE
SITE00309,Mail Site 309,MAIL,ORG0009,IDN009,GPO4,False,,509 PRACTICE AVE,SYNTH CITY,OH,90763,FM0665680,H13689544,0452783919,SITE
SITE00310,Specialty Site 310,SPECIALTY,ORG0010,IDN000,GPO0,False,,510 PRACTICE AVE,SYNTH CITY,MI,90770,RP2637123,H13665129,2140382740,SITE
SITE00311,Covered Entity 340B Site 311,COVERED_ENTITY_340B,ORG0011,IDN001,GPO1,True,,511 PRACTICE AVE,SYNTH CITY,MN,90777,FM5329194,H93563256,2761906462,SITE
SITE00312,Retail Chain Site 312,RETAIL_CHAIN,ORG0012,IDN002,GPO2,False,,512 PRACTICE AVE,SYNTH CITY,CA,90784,PM6878422,H65029771,0285744690,SITE
SITE00313,Independent Site 313,INDEPENDENT,ORG0013,IDN003,GPO3,False,,513 PRACTICE AVE,SYNTH CITY,OR,90791,GM9385846,H36367443,7550108808,SITE
SITE00314,Hospital Site 314,HOSPITAL,ORG0014,IDN004,GPO4,False,9.0,514 PRACTICE AVE,SYNTH CITY,WA,90798,PG3621387,H15897122,1135342198,SITE
SITE00315,Clinic Site 315,CLINIC,ORG0015,IDN005,GPO0,False,,515 PRACTICE AVE,SYNTH CITY,AZ,90805,MB8891698,H28445715,8520575969,SITE
SITE00316,Ltc Site 316,LTC,ORG0016,IDN006,GPO1,False,,516 PRACTICE AVE,SYNTH CITY,CO,90812,GA5171934,H12925960,3322532433,SITE
SITE00317,Mail Site 317,MAIL,ORG0017,IDN007,GPO2,False,,517 PRACTICE AVE,SYNTH CITY,TX,90819,BG9559623,H44113978,1454430897,SITE
SITE00318,Specialty Site 318,SPECIALTY,ORG0018,IDN008,GPO3,False,,518 PRACTICE AVE,SYNTH CITY,FL,90826,AF5794798,H28407834,3190506964,SITE
SITE00319,Covered Entity 340B Site 319,COVERED_ENTITY_340B,ORG0019,IDN009,GPO4,True,,519 PRACTICE AVE,SYNTH CITY,GA,90833,MP9825826,H08678248,1825568318,SITE
SITE00320,Retail Chain Site 320,RETAIL_CHAIN,ORG0020,IDN000,GPO0,False,,520 PRACTICE AVE,SYNTH CITY,NY,90840,FM7739010,H91687904,5665314253,SITE
SITE00321,Independent Site 321,INDEPENDENT,ORG0021,IDN001,GPO1,False,,521 PRACTICE AVE,SYNTH CITY,NJ,90847,PG5064127,H95912916,2343895506,SITE
SITE00322,Hospital Site 322,HOSPITAL,ORG0022,IDN002,GPO2,False,46.0,522 PRACTICE AVE,SYNTH CITY,MA,90854,AP2387605,H53792338,0874587203,SITE
SITE00323,Clinic Site 323,CLINIC,ORG0023,IDN003,GPO3,False,,523 PRACTICE AVE,SYNTH CITY,PA,90861,MB0946210,H30435534,0399495189,SITE
SITE00324,Ltc Site 324,LTC,ORG0024,IDN004,GPO4,False,,524 PRACTICE AVE,SYNTH CITY,IL,90868,FM6375327,H21836786,7890718027,SITE
SITE00325,Mail Site 325,MAIL,ORG0025,IDN005,GPO0,False,,525 PRACTICE AVE,SYNTH CITY,OH,90875,BM0059546,H53502630,1830754838,SITE
SITE00326,Specialty Site 326,SPECIALTY,ORG0026,IDN006,GPO1,False,,526 PRACTICE AVE,SYNTH CITY,MI,90882,MP6267116,H18196423,7725926183,SITE
SITE00327,Covered Entity 340B Site 327,COVERED_ENTITY_340B,ORG0027,IDN007,GPO2,True,,527 PRACTICE AVE,SYNTH CITY,MN,90889,BF4316090,H39107084,8219793451,SITE
SITE00328,Retail Chain Site 328,RETAIL_CHAIN,ORG0028,IDN008,GPO3,False,,528 PRACTICE AVE,SYNTH CITY,CA,90896,GB3603201,H41358041,4474910039,SITE
SITE00329,Independent Site 329,INDEPENDENT,ORG0029,IDN009,GPO4,False,,529 PRACTICE AVE,SYNTH CITY,OR,90903,BA2980924,H34775671,3174652198,SITE
SITE00330,Hospital Site 330,HOSPITAL,ORG0030,IDN000,GPO0,False,58.0,530 PRACTICE AVE,SYNTH CITY,WA,90910,AF9294860,H54251680,4603208479,SITE
SITE00331,Clinic Site 331,CLINIC,ORG0031,IDN001,GPO1,False,,531 PRACTICE AVE,SYNTH CITY,AZ,90917,MR9634845,H19635418,8832073885,SITE
SITE00332,Ltc Site 332,LTC,ORG0032,IDN002,GPO2,False,,532 PRACTICE AVE,SYNTH CITY,CO,90924,AR1449685,H88843979,5977157796,SITE
SITE00333,Mail Site 333,MAIL,ORG0033,IDN003,GPO3,False,,533 PRACTICE AVE,SYNTH CITY,TX,90931,FF9913917,H11765835,6736458368,SITE
SITE00334,Specialty Site 334,SPECIALTY,ORG0034,IDN004,GPO4,False,,534 PRACTICE AVE,SYNTH CITY,FL,90938,RP9529623,H28075067,7531036094,SITE
SITE00335,Covered Entity 340B Site 335,COVERED_ENTITY_340B,ORG0035,IDN005,GPO0,True,,535 PRACTICE AVE,SYNTH CITY,GA,90945,MF9192349,H29326631,3500904735,SITE
SITE00336,Retail Chain Site 336,RETAIL_CHAIN,ORG0036,IDN006,GPO1,False,,536 PRACTICE AVE,SYNTH CITY,NY,90952,GA7688303,H15196297,4135727228,SITE
SITE00337,Independent Site 337,INDEPENDENT,ORG0037,IDN007,GPO2,False,,537 PRACTICE AVE,SYNTH CITY,NJ,90959,GB4327367,H62822836,0687582300,SITE
SITE00338,Hospital Site 338,HOSPITAL,ORG0038,IDN008,GPO3,False,139.0,538 PRACTICE AVE,SYNTH CITY,MA,90966,PP7167249,H47566679,2965346325,SITE
SITE00339,Clinic Site 339,CLINIC,ORG0039,IDN009,GPO4,False,,539 PRACTICE AVE,SYNTH CITY,PA,90973,PF6008179,H48492437,0803514989,SITE
